name,dex,species,height,weight,type,growth,yield
Bulbasaur,1,Seed Pokemon,0.7,6.9,Grass-Poison,Medium_Slow,64
Ivysaur,2,Seed Pokemon,1.0,13.0,Grass-Poison,Medium_Slow,142
Venusaur,3,Seed Pokemon,2.0,100.0,Grass-Poison,Medium_Slow,236
Mega Venusaur,3,Seed Pokemon,2.4,155.5,Grass-Poison,Medium_Slow,281
Charmander,4,Lizard Pokemon,0.6,8.5,Fire-Fire,Medium_Slow,62
Charmeleon,5,Flame Pokemon,1.1,19.0,Fire-Fire,Medium_Slow,142
Mega Charizard Y,6,Flame Pokemon,1.7,100.5,Fire-Flying,Medium_Slow,285
Charizard,6,Flame Pokemon,1.7,90.5,Fire-Flying,Medium_Slow,240
Mega Charizard X,6,Flame Pokemon,1.7,110.5,Fire-Dragon,Medium_Slow,285
Squirtle,7,Tiny Turtle Pokemon,0.5,9.0,Water-Water,Medium_Slow,63
Wartortle,8,Turtle Pokemon,1.0,22.5,Water-Water,Medium_Slow,142
Mega Blastoise,9,Shellfish Pokemon,1.6,101.1,Water-Water,Medium_Slow,284
Blastoise,9,Shellfish Pokemon,1.6,85.5,Water-Water,Medium_Slow,239
Caterpie,10,Worm Pokemon,0.3,2.9,Bug-Bug,Medium_Fast,39
Metapod,11,Cocoon Pokemon,0.7,9.9,Bug-Bug,Medium_Fast,72
Butterfree,12,Butterfly Pokemon,1.1,32.0,Bug-Flying,Medium_Fast,178
Weedle,13,Hairy Bug Pokemon,0.3,3.2,Bug-Poison,Medium_Fast,39
Kakuna,14,Cocoon Pokemon,0.6,10.0,Bug-Poison,Medium_Fast,72
Beedrill,15,Poison Bee Pokemon,1.0,29.5,Bug-Poison,Medium_Fast,178
Mega Beedrill,15,Poison Bee Pokemon,1.4,40.5,Bug-Poison,Medium_Fast,223
Pidgey,16,Tiny Bird Pokemon,0.3,1.8,Normal-Flying,Medium_Slow,50
Pidgeotto,17,Bird Pokemon,1.1,30.0,Normal-Flying,Medium_Slow,122
Pidgeot,18,Bird Pokemon,1.5,39.5,Normal-Flying,Medium_Slow,216
Mega Pidgeot,18,Bird Pokemon,2.2,50.5,Normal-Flying,Medium_Slow,261
Rattata,19,Mouse Pokemon,0.3,3.5,Normal-Normal,Medium_Fast,51
Alolan Rattata,19,Mouse Pokemon,0.3,3.8,Dark-Normal,Medium_Fast,51
Alolan Raticate,20,Mouse Pokemon,0.7,25.5,Dark-Normal,Medium_Fast,145
Raticate,20,Mouse Pokemon,0.7,18.5,Normal-Normal,Medium_Fast,145
Spearow,21,Tiny Bird Pokemon,0.3,2.0,Normal-Flying,Medium_Fast,52
Fearow,22,Beak Pokemon,1.2,38.0,Normal-Flying,Medium_Fast,155
Ekans,23,Snake Pokemon,2.0,6.9,Poison-Poison,Medium_Fast,58
Arbok,24,Cobra Pokemon,3.5,65.0,Poison-Poison,Medium_Fast,157
Pikachu,25,Mouse Pokemon,0.4,6.0,Electric-Electric,Medium_Fast,112
Alolan Raichu,26,Mouse Pokemon,0.7,21.0,Electric-Psychic,Medium_Fast,218
Raichu,26,Mouse Pokemon,0.8,30.0,Electric-Electric,Medium_Fast,218
Alolan Sandshrew,27,Mouse Pokemon,0.7,40.0,Ice-Steel,Medium_Fast,60
Sandshrew,27,Mouse Pokemon,0.6,12.0,Ground-Ground,Medium_Fast,60
Sandslash,28,Sandslash,1.0,29.5,Ground-Ground,Medium_Fast,158
Alolan Sandslash,28,Mouse Pokemon,1.2,55.0,Ice-Steel,Medium_Fast,158
NidoranF,29,Poison Pin Pokemon,0.4,7.0,Poison-Poison,Medium_Slow,55
Nidorina,30,Poison Pin Pokemon,0.8,20.0,Poison-Poison,Medium_Slow,128
Nidoqueen,31,Drill Pokemon,1.3,60.0,Poison-Ground,Medium_Slow,227
NidoranM,32,Poison Pin Pokemon,0.5,9.0,Poison-Poison,Medium_Slow,55
Nidorino,33,Poison Pin Pokemon,0.9,19.5,Poison-Poison,Medium_Slow,128
Nidoking,34,Drill Pokemon,1.4,62.0,Poison-Ground,Medium_Slow,227
Clefairy,35,Fairy Pokemon,0.6,7.5,Fairy-Fairy,Fast,113
Clefable,36,Fairy Pokemon,1.3,40.0,Fairy-Fairy,Fast,217
Alolan Vulpix,37,Fox Pokemon,0.6,9.9,Ice-Ice,Medium_Fast,60
Vulpix,37,Fox Pokemon,0.6,9.9,Fire-Fire,Medium_Fast,60
Ninetales,38,Fox Pokemon,1.1,19.9,Fire-Fire,Medium_Fast,177
Alolan Ninetales,38,Fox Pokemon,1.1,19.9,Ice-Fairy,Medium_Fast,177
Jigglypuff,39,Jigglypuff,0.5,5.5,Normal-Fairy,Fast,95
Wigglytuff,40,Wigglytuff,1.0,12.0,Normal-Fairy,Fast,196
Zubat,41,Zubat,0.8,7.5,Poison-Flying,Medium_Fast,49
Golbat,42,Golbat,1.6,55.0,Poison-Flying,Medium_Fast,159
Oddish,43,Weed Pokemon,0.5,5.4,Grass-Poison,Medium_Slow,64
Gloom,44,Weed Pokemon,0.8,8.6,Grass-Poison,Medium_Slow,138
Vileplume,45,Flower Pokemon,1.2,18.6,Grass-Poison,Medium_Slow,221
Paras,46,Mushroom Pokemon,0.3,5.4,Bug-Grass,Medium_Fast,57
Parasect,47,Mushroom Pokemon,1.0,29.5,Bug-Grass,Medium_Fast,142
Venonat,48,Insect Pokemon,1.0,30.0,Bug-Poison,Medium_Fast,61
Venomoth,49,Poison Moth Pokemon,1.5,12.5,Bug-Poison,Medium_Fast,158
Diglett,50,Mole Pokemon,0.2,0.8,Ground-Ground,Medium_Fast,53
Alolan Diglett,50,Mole Pokemon,0.2,1.0,Ground-Steel,Medium_Fast,53
Dugtrio,51,Mole Pokemon,0.7,33.3,Ground-Ground,Medium_Fast,149
Alolan Dugtrio,51,Mole Pokemon,0.7,66.6,Ground-Steel,Medium_Fast,149
Galarian Meowth,52,Scratch Cat Pokemon,0.4,7.5,Steel-Steel,Medium_Fast,58
Alolan Meowth,52,Scratch Cat Pokemon,0.4,4.2,Dark-Dark,Medium_Fast,58
Meowth,52,Scratch Cat Pokemon,0.4,4.2,Normal-Normal,Medium_Fast,58
Persian,53,Classy Cat Pokemon,1.0,32.0,Normal-Normal,Medium_Fast,154
Alolan Persian,53,Classy Cat Pokemon,1.1,33.0,Dark-Dark,Medium_Fast,154
Psyduck,54,Duck Pokemon,0.8,19.6,Water-Water,Medium_Fast,64
Golduck,55,Duck Pokemon,1.7,76.6,Water-Water,Medium_Fast,175
Mankey,56,Pig Monkey Pokemon,0.5,28.0,Fighting-Fighting,Medium_Fast,61
Primeape,57,Pig Monkey Pokemon,1.0,32.0,Fighting-Fighting,Medium_Fast,159
Growlithe,58,Growlithe,0.7,19.0,Fire-Fire,Slow,70
Arcanine,59,Arcanine,1.9,155.0,Fire-Fire,Slow,194
Poliwag,60,Tadpole Pokemon,0.6,12.4,Water-Water,Medium_Slow,60
Poliwhirl,61,Tadpole Pokemon,1.0,20.0,Water-Water,Medium_Slow,135
Poliwrath,62,Tadpole Pokemon,1.3,54.0,Water-Fighting,Medium_Slow,230
Abra,63,Psi Pokemon,0.9,19.5,Psychic-Psychic,Medium_Slow,62
Kadabra,64,Psi Pokemon,1.3,56.5,Psychic-Psychic,Medium_Slow,140
Alakazam,65,Psi Pokemon,1.2,48.0,Psychic-Psychic,Medium_Slow,270
Alakazam,65,Psi Pokemon,1.5,48.0,Psychic-Psychic,Medium_Slow,225
Machop,66,Superpower Pokemon,0.8,19.5,Fighting-Fighting,Medium_Slow,61
Machoke,67,Superpower Pokemon,1.5,70.5,Fighting-Fighting,Medium_Slow,142
Machamp,68,Superpower Pokemon,1.6,130.0,Fighting-Fighting,Medium_Slow,227
Bellsprout,69,Flower Pokemon,0.7,4.0,Grass-Poison,Medium_Slow,60
Weepinbell,70,Flycatcher Pokemon,1.0,6.4,Grass-Poison,Medium_Slow,137
Victreebel,71,Flycatcher Pokemon,1.7,15.5,Grass-Poison,Medium_Slow,221
Tentacool,72,Jellyfish Pokemon,0.9,45.5,Water-Poison,Slow,67
Tentacruel,73,Jellyfish Pokemon,1.6,55.0,Water-Poison,Slow,180
Geodude,74,Rock Pokemon,0.4,20.0,Rock-Ground,Medium_Slow,60
Alolan Geodude,74,Rock Pokemon,0.4,20.3,Rock-Electric,Medium_Slow,60
Graveler,75,Rock Pokemon,1.0,105.0,Rock-Ground,Medium_Slow,137
Alolan Graveler,75,Rock Pokemon,1.0,110.0,Rock-Electric,Medium_Slow,137
Golem,76,Rock Pokemon,1.4,300.0,Rock-Ground,Medium_Slow,223
Alolan Golem,76,Rock Pokemon,1.7,316.0,Rock-Electric,Medium_Slow,223
Ponyta,77,Fire Horse Pokemon,1.0,30.0,Fire-Fire,Medium_Fast,82
Galarian Ponyta,77,Unique Horn Pokemon,0.8,24.0,Psychic-Psychic,Medium_Fast,82
Rapidash,78,Fire Horse Pokemon,1.7,95.0,Fire-Fire,Medium_Fast,175
Galarian Rapidash,78,Unique Horn Pokemon,1.7,80.0,Psychic-Fairy,Medium_Fast,175
Slowpoke,79,Dopey Pokemon,1.2,36.0,Water-Psychic,Medium_Fast,63
Galarian Slowpoke,79,Dopey Pokemon,1.2,36.0,Psychic-Psychic,Medium_Fast,63
Galarian Slowbro,80,Hermit Crab Pokemon,1.6,70.5,Poison-Psychic,Medium_Fast,172
Slowbro,80,Hermit Crab Pokemon,1.6,78.5,Water-Psychic,Medium_Fast,172
Mega Slowbro,80,Hermit Crab Pokemon,2.0,120.0,Water-Psychic,Medium_Fast,207
Magnemite,81,Magnet Pokemon,0.3,6.0,Electric-Steel,Medium_Fast,65
Magneton,82,Magnet Pokemon,1.0,60.0,Electric-Steel,Medium_Fast,163
Galarian Farfetchd,83,Wild Duck Pokemon,0.8,42.0,Fighting-Fighting,Medium_Fast,132
Farfetchd,83,Wild Duck Pokemon,0.8,15.0,Normal-Flying,Medium_Fast,132
Doduo,84,Twin Bird Pokemon,1.4,39.2,Normal-Flying,Medium_Fast,62
Dodrio,85,Triple Bird Pokemon,1.8,85.2,Normal-Flying,Medium_Fast,165
Seel,86,Sea Lion Pokemon,1.1,90.0,Water-Water,Medium_Fast,65
Dewgong,87,Sea Lion Pokemon,1.7,120.0,Water-Ice,Medium_Fast,166
Alolan Grimer,88,Sludge Pokemon,0.7,42.0,Poison-Dark,Medium_Fast,65
Grimer,88,Sludge Pokemon,0.9,30.0,Poison-Poison,Medium_Fast,65
Alolan Muk,89,Sludge Pokemon,1.0,52.0,Poison-Dark,Medium_Fast,175
Muk,89,Sludge Pokemon,1.2,30.0,Poison-Poison,Medium_Fast,175
Shellder,90,Bivalve Pokemon,0.3,4.0,Water-Water,Slow,61
Cloyster,91,Bivalve Pokemon,1.5,132.5,Water-Ice,Slow,184
Gastly,92,Gas Pokemon,1.3,0.1,Ghost-Poison,Medium_Slow,62
Haunter,93,Gas Pokemon,1.6,0.1,Ghost-Poison,Medium_Slow,142
Mega Gengar,94,Shadow Pokemon,1.4,40.5,Ghost-Poison,Medium_Slow,270
Gengar,94,Shadow Pokemon,1.5,40.5,Ghost-Poison,Medium_Slow,225
Onix,95,Rock Snake Pokemon,8.8,210.0,Rock-Ground,Medium_Fast,77
Drowzee,96,Hypnosis Pokemon,1.0,32.4,Psychic-Psychic,Medium_Fast,66
Hypno,97,Hypnosis Pokemon,1.6,75.6,Psychic-Psychic,Medium_Fast,169
Krabby,98,River Crab Pokemon,0.4,6.5,Water-Water,Medium_Fast,65
Kingler,99,Pincer Pokemon,1.3,60.0,Water-Water,Medium_Fast,166
Voltorb,100,Ball Pokemon,0.5,10.4,Electric-Electric,Medium_Fast,66
Electrode,101,Ball Pokemon,1.2,66.6,Electric-Electric,Medium_Fast,172
Exeggcute,102,Egg Pokemon,0.4,2.5,Grass-Psychic,Slow,65
Exeggutor,103,Coconut Pokemon,2.0,120.0,Grass-Psychic,Slow,186
Alolan Exeggutor,103,Coconut Pokemon,10.0,415.6,Grass-Dragon,Slow,186
Cubone,104,Lonely Pokemon,0.4,6.5,Ground-Ground,Medium_Fast,64
Marowak,105,Bone Keeper Pokemon,1.0,45.0,Ground-Ground,Medium_Fast,149
Alolan Marowak,105,Bone Keeper Pokemon,1.0,34.0,Fire-Ghost,Medium_Fast,149
Hitmonlee,106,Kicking Pokemon,1.5,49.8,Fighting-Fighting,Medium_Fast,159
Hitmonchan,107,Punching Pokemon,1.4,50.2,Fighting-Fighting,Medium_Fast,159
Lickitung,108,Licking Pokemon,1.2,65.5,Normal-Normal,Medium_Fast,77
Koffing,109,Poison Gas Pokemon,0.6,1.0,Poison-Poison,Medium_Fast,68
Galarian Weezing,110,Poison Gas Pokemon,3.0,16.0,Poison-Fairy,Medium_Fast,172
Weezing,110,Poison Gas Pokemon,1.2,9.5,Poison-Poison,Medium_Fast,172
Rhyhorn,111,Spike Pokemon,1.0,115.0,Ground-Rock,Slow,69
Rhydon,112,Drill Pokemon,1.9,120.0,Ground-Rock,Slow,170
Chansey,113,Egg Pokemon,1.1,34.6,Normal-Normal,Fast,395
Tangela,114,Vine Pokemon,1.0,35.0,Grass-Grass,Medium_Fast,87
Kangaskhan,115,Parent Pokemon,2.2,80.0,Normal-Normal,Medium_Fast,172
Mega Kangaskhan,115,Parent Pokemon,2.2,100.0,Normal-Normal,Medium_Fast,207
Horsea,116,Dragon Pokemon,0.4,8.0,Water-Water,Medium_Fast,59
Seadra,117,Dragon Pokemon,1.2,25.0,Water-Water,Medium_Fast,154
Goldeen,118,Goldfish Pokemon,0.6,15.0,Water-Water,Medium_Fast,64
Seaking,119,Goldfish Pokemon,1.3,39.0,Water-Water,Medium_Fast,158
Staryu,120,Star Shape Pokemon,0.8,34.5,Water-Water,Slow,68
Starmie,121,Mysterious Pokemon,1.1,80.0,Water-Psychic,Slow,182
Galarian Mr Mime,122,Dancing Pokemon,1.4,56.8,Ice-Psychic,Medium_Fast,161
Mr Mime,122,Barrier Pokemon,1.3,54.5,Psychic-Fairy,Medium_Fast,161
Scyther,123,Mantis Pokemon,1.5,56.0,Bug-Flying,Medium_Fast,100
Jynx,124,Fuaad's Waifu,1.4,40.6,Ice-Psychic,Medium_Fast,159
Electabuzz,125,Electric Pokemon,1.1,30.0,Electric-Electric,Medium_Fast,172
Magmar,126,Spitfire Pokemon,1.3,44.5,Fire-Fire,Medium_Fast,173
Mega Pinsir,127,Stag Beetle Pokemon,1.7,59.0,Bug-Flying,Slow,210
Pinsir,127,Stag Beetle Pokemon,1.5,55.0,Bug-Bug,Slow,175
Tauros,128,Wild Bull Pokemon,1.4,88.4,Normal-Normal,Slow,172
Magikarp,129,Fish Pokemon,0.9,10.0,Water-Water,Slow,40
Gyarados,130,Atrocious Pokemon,6.5,235.0,Water-Flying,Slow,189
Mega Gyarados,130,Atrocious Pokemon,6.5,305.0,Water-Dark,Slow,224
Lapras,131,Transport Pokemon,2.5,220.0,Water-Ice,Slow,187
Ditto,132,Transform Pokemon,0.3,4.0,Normal-Normal,Medium_Fast,101
Eevee,133,Evolution Pokemon,0.3,6.5,Normal-Normal,Medium_Fast,65
Vaporeon,134,Bubble Jet Pokemon,1.0,29.0,Water-Water,Medium_Fast,184
Jolteon,135,Lightning Pokemon,0.8,24.5,Electric-Electric,Medium_Fast,184
Flareon,136,Flame Pokemon,0.9,25.0,Fire-Fire,Medium_Fast,184
Porygon,137,Virtual Pokemon,0.8,36.5,Normal-Normal,Medium_Fast,79
Omanyte,138,Spiral Pokemon,0.4,7.5,Rock-Water,Medium_Fast,71
Omastar,139,Spiral Pokemon,1.0,35.0,Rock-Water,Medium_Fast,173
Kabuto,140,Shellfish Pokemon,0.5,11.5,Rock-Water,Medium_Fast,71
Kabutops,141,Shellfish Pokemon,1.3,40.5,Rock-Water,Medium_Fast,173
Aerodactyl,142,Fossil Pokemon,1.8,59.0,Rock-Flying,Slow,180
Mega Aerodactyl,142,Fossil Pokemon,2.1,79.0,Rock-Flying,Slow,215
Snorlax,143,Sleeping Pokemon,2.1,460.0,Normal-Normal,Slow,189
Articuno,144,Freeze Pokemon,1.7,55.4,Ice-Flying,Slow,261
Galarian Articuno,144,Cruel Pokemon,1.7,50.9,Psychic-Flying,Slow,290
Zapdos,145,Electric Pokemon,1.6,52.6,Electric-Flying,Slow,261
Galarian Zapdos,145,Strong Legs Pokemon,1.6,58.2,Fighting-Flying,Slow,290
Galarian Moltres,146,Malevolent Pokemon,2.0,66.0,Dark-Flying,Slow,290
Moltres,146,Flame Pokemon,2.0,60.0,Fire-Flying,Slow,261
Dratini,147,Dragon Pokemon,1.8,3.3,Dragon-Dragon,Slow,60
Dragonair,148,Dragon Pokemon,4.0,16.5,Dragon-Dragon,Slow,147
Dragonite,149,Dragon Pokemon,2.2,210.0,Dragon-Flying,Slow,270
Mewtwo,150,Genetic Pokemon,2.0,122.0,Psychic-Psychic,Slow,306
Mega Mewtwo X,150,Genetic Pokemon,2.3,127.0,Psychic-Fighting,Slow,351
Mega Mewtwo Y,150,Genetic Pokemon,1.5,33.0,Psychic-Psychic,Slow,351
Mew,151,New Species Pokemon,0.4,4.0,Psychic-Psychic,Medium_Slow,270
Chikorita,152,Leaf Pokemon,0.9,6.4,Grass-Grass,Medium_Slow,64
Bayleef,153,Leaf Pokemon,1.2,15.8,Grass-Grass,Medium_Slow,142
Meganium,154,Herb Pokemon,1.8,100.5,Grass-Grass,Medium_Slow,236
Cyndaquil,155,Fire Mouse Pokemon,0.5,7.9,Fire-Fire,Medium_Slow,62
Quilava,156,Volcano Pokemon,0.9,19.0,Fire-Fire,Medium_Slow,142
Typhlosion,157,Volcano Pokemon,1.7,79.5,Fire-Fire,Medium_Slow,240
Totodile,158,Big Jaw Pokemon,0.6,9.5,Water-Water,Medium_Slow,63
Croconaw,159,Big Jaw Pokemon,1.1,25.0,Water-Water,Medium_Slow,142
Feraligatr,160,Big Jaw Pokemon,2.3,88.8,Water-Water,Medium_Slow,239
Sentret,161,Scout Pokemon,0.8,6.0,Normal-Normal,Medium_Fast,43
Furret,162,Long Body Pokemon,1.8,32.5,Normal-Normal,Medium_Fast,145
Hoothoot,163,Owl Pokemon,0.7,21.2,Normal-Flying,Medium_Fast,52
Noctowl,164,Owl Pokemon,1.6,40.8,Normal-Flying,Medium_Fast,158
Ledyba,165,Five Star Pokemon,1.0,10.8,Bug-Flying,Fast,53
Ledian,166,Five Star Pokemon,1.4,35.6,Bug-Flying,Fast,137
Spinarak,167,String Spit Pokemon,0.5,8.5,Bug-Poison,Fast,50
Ariados,168,Long Leg Pokemon,1.1,33.5,Bug-Poison,Fast,140
Crobat,169,Bat Pokemon,1.8,75.0,Poison-Flying,Medium_Fast,241
Chinchou,170,Angler Pokemon,0.5,12.0,Water-Electric,Slow,66
Lanturn,171,Light Pokemon,1.2,22.5,Water-Electric,Slow,161
Pichu,172,Tiny Mouse Pokemon,0.3,2.0,Electric-Electric,Medium_Fast,41
Cleffa,173,Star Shape Pokemon,0.3,3.0,Fairy-Fairy,Fast,44
Igglybuff,174,Balloon Pokemon,0.3,1.0,Normal-Fairy,Fast,42
Togepi,175,Spike Ball Pokemon,0.3,1.5,Fairy-Fairy,Fast,49
Togetic,176,Happiness Pokemon,0.6,3.2,Fairy-Flying,Fast,142
Natu,177,Tiny Bird Pokemon,0.2,2.0,Psychic-Flying,Medium_Fast,64
Xatu,178,Mystic Pokemon,1.5,15.0,Psychic-Flying,Medium_Fast,165
Mareep,179,Wool Pokemon,0.6,7.8,Electric-Electric,Medium_Slow,56
Flaaffy,180,Wool Pokemon,0.8,13.3,Electric-Electric,Medium_Slow,128
Mega Ampharos,181,Light Pokemon,1.4,61.5,Electric-Dragon,Medium_Slow,275
Ampharos,181,Light Pokemon,1.4,61.5,Electric-Electric,Medium_Slow,230
Bellossom,182,Flower Pokemon,0.4,5.8,Grass-Grass,Medium_Slow,221
Marill,183,Aqua Mouse Pokemon,0.4,8.5,Water-Fairy,Fast,88
Azumarill,184,Aqua Rabbit Pokemon,0.8,28.5,Water-Fairy,Fast,189
Sudowoodo,185,Imitation Pokemon,1.2,38.0,Rock-Rock,Medium_Fast,144
Politoed,186,Frog Pokemon,1.1,33.9,Water-Water,Medium_Slow,225
Hoppip,187,Cottonweed Pokemon,0.4,0.5,Grass-Flying,Medium_Slow,50
Skiploom,188,Cottonweed Pokemon,0.6,1.0,Grass-Flying,Medium_Slow,119
Jumpluff,189,Cottonweed Pokemon,0.8,3.0,Grass-Flying,Medium_Slow,207
Aipom,190,Long Tail Pokemon,0.8,11.5,Normal-Normal,Fast,72
Sunkern,191,Seed Pokemon,0.3,1.8,Grass-Grass,Medium_Slow,36
Sunflora,192,Sun Pokemon,0.8,8.5,Grass-Grass,Medium_Slow,149
Yanma,193,Clear Wing Pokemon,1.2,38.0,Bug-Flying,Medium_Fast,78
Wooper,194,Water Fish Pokemon,0.4,8.5,Water-Ground,Medium_Fast,42
Quagsire,195,Water Fish Pokemon,1.4,75.0,Water-Ground,Medium_Fast,151
Espeon,196,Sun Pokemon,0.9,26.5,Psychic-Psychic,Medium_Fast,184
Umbreon,197,Moonlight Pokemon,1.0,27.0,Dark-Dark,Medium_Fast,184
Murkrow,198,Darkness Pokemon,0.5,2.1,Dark-Flying,Medium_Slow,81
Slowking,199,Royal Pokemon,2.0,79.5,Water-Psychic,Medium_Fast,172
Galarian Slowking,199,Hexpert Pokemon,1.8,79.5,Poison-Psychic,Medium_Fast,172
Misdreavus,200,Screech Pokemon,0.7,1.0,Ghost-Ghost,Fast,87
Unown,201,Symbol Pokemon,0.5,5.0,Psychic-Psychic,Medium_Fast,118
Wobbuffet,202,Patient Pokemon,1.3,28.5,Psychic-Psychic,Medium_Fast,142
Girafarig,203,Long Neck Pokemon,1.5,41.5,Normal-Psychic,Medium_Fast,159
Pineco,204,Bagworm Pokemon,0.6,7.2,Bug-Bug,Medium_Fast,58
Forretress,205,Bagworm Pokemon,1.2,125.8,Bug-Steel,Medium_Fast,163
Dunsparce,206,Land Snake Pokemon,1.5,14.0,Normal-Normal,Medium_Fast,145
Gligar,207,Fly Scorpion Pokemon,1.1,64.8,Ground-Flying,Medium_Slow,86
Mega Steelix,208,Iron Snake Pokemon,10.5,740.0,Steel-Ground,Medium_Fast,214
Steelix,208,Iron Snake Pokemon,9.2,400.0,Steel-Ground,Medium_Fast,179
Snubbull,209,Fairy Pokemon,0.6,7.8,Fairy-Fairy,Fast,60
Granbull,210,Fairy Pokemon,1.4,48.7,Fairy-Fairy,Fast,158
Qwilfish,211,Balloon Pokemon,0.5,3.9,Water-Poison,Medium_Fast,88
Scizor,212,Pincer Pokemon,1.8,118.0,Bug-Steel,Medium_Fast,175
Mega Scizor,212,Pincer Pokemon,2.0,125.0,Bug-Steel,Medium_Fast,210
Shuckle,213,Mold Pokemon,0.6,20.5,Bug-Rock,Medium_Slow,177
Mega Heracross,214,Single Horn Pokemon,1.7,62.5,Bug-Fighting,Slow,210
Heracross,214,Single Horn Pokemon,1.5,54.0,Bug-Fighting,Slow,175
Sneasel,215,Sharp Claw Pokemon,0.9,28.0,Dark-Ice,Medium_Slow,86
Teddiursa,216,Little Bear Pokemon,0.6,8.8,Normal-Normal,Medium_Fast,66
Ursaring,217,Hibernator Pokemon,1.8,125.8,Normal-Normal,Medium_Fast,175
Slugma,218,Lava Pokemon,0.7,35.0,Fire-Fire,Medium_Fast,50
Magcargo,219,Lava Pokemon,0.8,55.0,Fire-Rock,Medium_Fast,151
Swinub,220,Pig Pokemon,0.4,6.5,Ice-Ground,Slow,50
Piloswine,221,Swine Pokemon,1.1,55.8,Ice-Ground,Slow,158
Galarian Corsola,222,Coral Pokemon,0.6,0.5,Ghost-Ghost,Fast,144
Corsola,222,Coral Pokemon,0.6,5.0,Water-Rock,Fast,144
Remoraid,223,Jet Pokemon,0.6,12.0,Water-Water,Medium_Fast,60
Octillery,224,Jet Pokemon,0.9,28.5,Water-Water,Medium_Fast,168
Delibird,225,Delivery Pokemon,0.9,16.0,Ice-Flying,Fast,116
Mantine,226,Kite Pokemon,2.1,220.0,Water-Flying,Slow,170
Skarmory,227,Armor Bird Pokemon,1.7,50.5,Steel-Flying,Slow,163
Houndour,228,Dark Pokemon,0.6,10.8,Dark-Fire,Slow,66
Houndoom,229,Dark Pokemon,1.4,35.0,Dark-Fire,Slow,175
Mega Houndoom,229,Dark Pokemon,1.9,49.5,Dark-Fire,Slow,210
Kingdra,230,Dragon Pokemon,1.8,152.0,Water-Dragon,Medium_Fast,243
Phanpy,231,Long Nose Pokemon,0.5,33.5,Ground-Ground,Medium_Fast,66
Donphan,232,Armor Pokemon,1.1,120.0,Ground-Ground,Medium_Fast,175
Porygon2,233,Virtual Pokemon,0.6,32.5,Normal-Normal,Medium_Fast,180
Stantler,234,Big Horn Pokemon,1.4,71.2,Normal-Normal,Slow,163
Smeargle,235,Painter Pokemon,1.2,58.0,Normal-Normal,Fast,88
Tyrogue,236,Scuffle Pokemon,0.7,21.0,Fighting-Fighting,Medium_Fast,42
Hitmontop,237,Handstand Pokemon,1.4,48.0,Fighting-Fighting,Medium_Fast,159
Smoochum,238,Kiss Pokemon,0.4,6.0,Ice-Psychic,Medium_Fast,61
Elekid,239,Electric Pokemon,0.6,23.5,Electric-Electric,Medium_Fast,72
Magby,240,Live Coal Pokemon,0.7,21.4,Fire-Fire,Medium_Fast,73
Miltank,241,Milk Cow Pokemon,1.2,75.5,Normal-Normal,Slow,172
Blissey,242,Happiness Pokemon,1.5,46.8,Normal-Normal,Fast,608
Raikou,243,Thunder Pokemon,1.9,178.0,Electric-Electric,Slow,261
Entei,244,Volcano Pokemon,2.1,198.0,Fire-Fire,Slow,261
Suicune,245,Aurora Pokemon,2.0,187.0,Water-Water,Slow,261
Larvitar,246,Rock Skin Pokemon,0.6,72.0,Rock-Ground,Slow,60
Pupitar,247,Hard Shell Pokemon,1.2,152.0,Rock-Ground,Slow,144
Mega Tyranitar,248,Armor Pokemon,2.5,255.0,Rock-Dark,Slow,315
Tyranitar,248,Armor Pokemon,2.0,202.0,Rock-Dark,Slow,270
Lugia,249,Diving Pokemon,5.2,216.0,Psychic-Flying,Slow,306
Ho Oh,250,Rainbow Pokemon,3.8,199.0,Fire-Flying,Slow,306
Celebi,251,Time Travel Pokemon,0.6,5.0,Psychic-Grass,Medium_Slow,270
Treecko,252,Wood Gecko Pokemon,0.5,5.0,Grass-Grass,Medium_Slow,62
Grovyle,253,Wood Gecko Pokemon,0.9,21.6,Grass-Grass,Medium_Slow,142
Mega Sceptile,254,Forest Pokemon,1.9,55.2,Grass-Dragon,Medium_Slow,284
Sceptile,254,Forest Pokemon,1.7,52.2,Grass-Grass,Medium_Slow,239
Torchic,255,Chick Pokemon,0.4,2.5,Fire-Fire,Medium_Slow,62
Combusken,256,Young Bowl Pokemon,0.9,19.5,Fire-Fighting,Medium_Slow,142
Mega Blaziken,257,Blaze Pokemon,1.9,52.0,Fire-Fighting,Medium_Slow,284
Blaziken,257,Blaze Pokemon,1.9,52.0,Fire-Fighting,Medium_Slow,239
Mudkip,258,Mud Fish Pokemon,0.4,7.6,Water-Water,Medium_Slow,62
Marshtomp,259,Mud Fish Pokemon,0.7,28.0,Water-Ground,Medium_Slow,142
Swampert,260,Mud Fish Pokemon,1.5,81.9,Water-Ground,Medium_Slow,241
Mega Swampert,260,Mud Fish Pokemon,1.9,102.0,Water-Ground,Medium_Slow,286
Poochyena,261,Bite Pokemon,0.5,13.6,Dark-Dark,Medium_Fast,56
Mightyena,262,Bite Pokemon,1.0,37.0,Dark-Dark,Medium_Fast,147
Galarian Zigzagoon,263,Tiny Raccoon Pokemon,0.4,17.5,Dark-Normal,Medium_Fast,56
Zigzagoon,263,Tiny Raccoon Pokemon,0.4,17.5,Normal-Normal,Medium_Fast,56
Linoone,264,Rushing Pokemon,0.5,32.5,Normal-Normal,Medium_Fast,147
Galarian Linoone,264,Rushing Pokemon,0.5,32.5,Dark-Normal,Medium_Fast,147
Wurmple,265,Worm Pokemon,0.3,3.6,Bug-Bug,Medium_Fast,56
Silcoon,266,Cocoon Pokemon,0.6,10.0,Bug-Bug,Medium_Fast,72
Beautifly,267,Butterfly Pokemon,1.0,28.4,Bug-Flying,Medium_Fast,178
Cascoon,268,Cocoon Pokemon,0.7,11.5,Bug-Bug,Medium_Fast,72
Dustox,269,Poison Moth Pokemon,1.2,31.6,Bug-Poison,Medium_Fast,173
Lotad,270,Water Weed Pokemon,0.5,2.6,Water-Grass,Medium_Slow,44
Lombre,271,Jolly Pokemon,1.2,32.5,Water-Grass,Medium_Slow,119
Ludicolo,272,Carefree Pokemon,1.5,55.0,Water-Grass,Medium_Slow,216
Seedot,273,Acorn Pokemon,0.5,4.0,Grass-Grass,Medium_Slow,44
Nuzleaf,274,Wily Pokemon,1.0,28.0,Grass-Dark,Medium_Slow,119
Shiftry,275,Wicked Pokemon,1.3,59.6,Grass-Dark,Medium_Slow,216
Taillow,276,Tiny Swallow Pokemon,0.3,2.3,Normal-Flying,Medium_Slow,54
Swellow,277,Swallow Pokemon,0.7,19.8,Normal-Flying,Medium_Slow,159
Wingull,278,Seagull Pokemon,0.6,9.5,Water-Flying,Medium_Fast,54
Pelipper,279,Water Bird Pokemon,1.2,28.0,Water-Flying,Medium_Fast,154
Ralts,280,Feeling Pokemon,0.4,6.6,Psychic-Fairy,Slow,40
Kirlia,281,Emotion Pokemon,0.8,20.2,Psychic-Fairy,Slow,97
Mega Gardevoir,282,Embrace Pokemon,1.6,48.4,Psychic-Fairy,Slow,278
Gardevoir,282,Embrace Pokemon,1.6,48.4,Psychic-Fairy,Slow,233
Surskit,283,Pond Skater Pokemon,0.5,1.7,Bug-Water,Medium_Fast,54
Masquerain,284,Eyeball Pokemon,0.8,3.6,Bug-Flying,Medium_Fast,159
Shroomish,285,Mushroom Pokemon,0.4,4.5,Grass-Grass,Fluctuating,59
Breloom,286,Mushroom Pokemon,1.2,39.2,Grass-Fighting,Fluctuating,161
Slakoth,287,Slacker Pokemon,0.8,24.0,Normal-Normal,Slow,56
Vigoroth,288,Wild Monkey Pokemon,1.4,46.5,Normal-Normal,Slow,154
Slaking,289,Lazy Pokemon,2.0,130.5,Normal-Normal,Slow,252
Nincada,290,Trainee Pokemon,0.5,5.5,Bug-Ground,Erratic,53
Ninjask,291,Ninja Pokemon,0.8,12.0,Bug-Flying,Erratic,160
Shedinja,292,Shed Pokemon,0.8,1.2,Bug-Ghost,Erratic,83
Whismur,293,Whisper Pokemon,0.6,16.3,Normal-Normal,Medium_Slow,48
Loudred,294,Big Voice Pokemon,1.0,40.5,Normal-Normal,Medium_Slow,126
Exploud,295,Loud Noise Pokemon,1.5,84.0,Normal-Normal,Medium_Slow,221
Makuhita,296,Guts Pokemon,1.0,86.4,Fighting-Fighting,Fluctuating,47
Hariyama,297,Arm Thrust Pokemon,2.3,253.8,Fighting-Fighting,Fluctuating,166
Azurill,298,Polka Dot Pokemon,0.2,2.0,Normal-Fairy,Fast,38
Nosepass,299,Compass Pokemon,1.0,97.0,Rock-Rock,Medium_Fast,75
Skitty,300,Kitten Pokemon,0.6,11.0,Normal-Normal,Fast,52
Delcatty,301,Prim Pokemon,1.1,32.6,Normal-Normal,Fast,140
Sableye,302,Darkness Pokemon,0.5,11.0,Dark-Ghost,Medium_Slow,133
Mega Sableye,302,Darkness Pokemon,0.5,161.0,Dark-Ghost,Medium_Slow,168
Mega Mawile,303,Deceiver Pokemon,1.0,23.5,Steel-Fairy,Fast,168
Mawile,303,Deceiver Pokemon,0.6,11.5,Steel-Fairy,Fast,133
Aron,304,Iron Armor Pokemon,0.4,60.0,Steel-Rock,Slow,66
Lairon,305,Iron Armor Pokemon,0.9,120.0,Steel-Rock,Slow,151
Mega Aggron,306,Iron Armor Pokemon,2.2,395.0,Steel-Steel,Slow,284
Aggron,306,Iron Armor Pokemon,2.1,360.0,Steel-Rock,Slow,239
Meditite,307,Meditate Pokemon,0.6,11.2,Fighting-Psychic,Medium_Fast,56
Mega Medicham,308,Meditate Pokemon,1.3,31.5,Fighting-Psychic,Medium_Fast,179
Medicham,308,Meditate Pokemon,1.3,31.5,Fighting-Psychic,Medium_Fast,144
Electrike,309,Lightning Pokemon,0.6,15.2,Electric-Electric,Slow,59
Manectric,310,Discharge Pokemon,1.5,40.2,Electric-Electric,Slow,166
Mega Manectric,310,Discharge Pokemon,1.8,44.0,Electric-Electric,Slow,201
Plusle,311,Cheering Pokemon,0.4,4.2,Electric-Electric,Medium_Fast,142
Minun,312,Cheering Pokemon,0.4,4.2,Electric-Electric,Medium_Fast,142
Volbeat,313,Firefly Pokemon,0.7,17.7,Bug-Bug,Erratic,151
Illumise,314,Firefly Pokemon,0.6,17.7,Bug-Bug,Fluctuating,151
Roselia,315,Thorn Pokemon,0.3,2.0,Grass-Poison,Medium_Slow,140
Gulpin,316,Stomach Pokemon,0.4,10.3,Poison-Poison,Fluctuating,60
Swalot,317,Poison Bag Pokemon,1.7,80.0,Poison-Poison,Fluctuating,163
Carvanha,318,Savage Pokemon,0.8,20.8,Water-Dark,Slow,61
Mega Sharpedo,319,Brutal Pokemon,2.5,130.3,Water-Dark,Slow,196
Sharpedo,319,Brutal Pokemon,1.8,88.8,Water-Dark,Slow,161
Wailmer,320,Ball Whale Pokemon,2.0,130.0,Water-Water,Fluctuating,80
Wailord,321,Float Whale Pokemon,14.5,398.0,Water-Water,Fluctuating,175
Numel,322,Numb Pokemon,0.7,24.0,Fire-Ground,Medium_Fast,61
Camerupt,323,Eruption Pokemon,1.9,220.0,Fire-Ground,Medium_Fast,161
Mega Camerupt,323,Eruption Pokemon,2.5,320.5,Fire-Ground,Medium_Fast,196
Torkoal,324,Coal Pokemon,0.5,80.4,Fire-Fire,Medium_Fast,165
Spoink,325,Bounce Pokemon,0.7,30.6,Psychic-Psychic,Fast,66
Grumpig,326,Manipulate Pokemon,0.9,71.5,Psychic-Psychic,Fast,165
Spinda,327,Spot Panda Pokemon,1.1,5.0,Normal-Normal,Fast,126
Trapinch,328,Ant Pit Pokemon,0.7,15.0,Ground-Ground,Medium_Slow,58
Vibrava,329,Vibration Pokemon,1.1,15.3,Ground-Dragon,Medium_Slow,119
Flygon,330,Mystic Pokemon,2.0,82.0,Ground-Dragon,Medium_Slow,234
Cacnea,331,Cactus Pokemon,0.4,51.3,Grass-Grass,Medium_Slow,67
Cacturne,332,Scarecrow Pokemon,1.3,77.4,Grass-Dark,Medium_Slow,166
Swablu,333,Cotton Bird Pokemon,0.4,1.2,Normal-Flying,Erratic,62
Mega Altaria,334,Humming Pokemon,1.5,20.6,Dragon-Fairy,Erratic,207
Altaria,334,Humming Pokemon,1.1,20.6,Dragon-Flying,Erratic,172
Zangoose,335,Cat Ferret Pokemon,1.3,40.3,Normal-Normal,Erratic,160
Seviper,336,Fang Snake Pokemon,2.7,52.5,Poison-Poison,Fluctuating,160
Lunatone,337,Meteorite Pokemon,1.0,168.0,Rock-Psychic,Fast,161
Solrock,338,Meteorite Pokemon,1.2,154.0,Rock-Psychic,Fast,161
Barboach,339,Whiskers Pokemon,0.4,1.9,Water-Ground,Medium_Fast,58
Whiscash,340,Whiskers Pokemon,0.9,23.6,Water-Ground,Medium_Fast,164
Corphish,341,Ruffian Pokemon,0.6,11.5,Water-Water,Fluctuating,62
Crawdaunt,342,Rogue Pokemon,1.1,32.8,Water-Dark,Fluctuating,164
Baltoy,343,Clay Doll Pokemon,0.5,21.5,Ground-Psychic,Medium_Fast,60
Claydol,344,Clay Doll Pokemon,1.5,108.0,Ground-Psychic,Medium_Fast,175
Lileep,345,Sea Lily Pokemon,1.0,23.8,Rock-Grass,Erratic,71
Cradily,346,Barnacle Pokemon,1.5,60.4,Rock-Grass,Erratic,173
Anorith,347,Old Shrimp Pokemon,0.7,12.5,Rock-Bug,Erratic,71
Armaldo,348,Plate Pokemon,1.5,68.2,Rock-Bug,Erratic,173
Feebas,349,Fish Pokemon,0.6,7.4,Water-Water,Erratic,40
Milotic,350,Tender Pokemon,6.2,162.0,Water-Water,Erratic,189
Castform,351,Weather Pokemon,0.3,0.8,Normal-Normal,Medium_Fast,147
Kecleon,352,Color Swap Pokemon,1.0,22.0,Normal-Normal,Medium_Slow,154
Shuppet,353,Puppet Pokemon,0.6,2.3,Ghost-Ghost,Fast,59
Banette,354,Marionette Pokemon,1.1,12.5,Ghost-Ghost,Fast,159
Mega Banette,354,Marionette Pokemon,1.2,13.0,Ghost-Ghost,Fast,194
Duskull,355,Requiem Pokemon,0.8,15.0,Ghost-Ghost,Fast,59
Dusclops,356,Beckon Pokemon,1.6,30.6,Ghost-Ghost,Fast,159
Tropius,357,Fruit Pokemon,2.0,100.0,Grass-Flying,Slow,161
Chimecho,358,Wind Chime Pokemon,0.6,1.0,Psychic-Psychic,Fast,159
Mega Absol,359,Disaster Pokemon,1.2,49.0,Dark-Dark,Medium_Slow,198
Absol,359,Disaster Pokemon,1.2,47.0,Dark-Dark,Medium_Slow,163
Wynaut,360,Bright Pokemon,0.6,14.0,Psychic-Psychic,Medium_Fast,52
Snorunt,361,Snow Hat Pokemon,0.7,16.8,Ice-Ice,Medium_Fast,60
Mega Glalie,362,Face Pokemon,2.1,350.2,Ice-Ice,Medium_Fast,203
Glalie,362,Face Pokemon,1.5,256.5,Ice-Ice,Medium_Fast,168
Spheal,363,Clap Pokemon,0.8,39.5,Ice-Water,Medium_Slow,58
Sealeo,364,Ball Roll Pokemon,1.1,87.6,Ice-Water,Medium_Slow,144
Walrein,365,Ice Break Pokemon,1.4,150.6,Ice-Water,Medium_Slow,239
Clamperl,366,Bivalve Pokemon,0.4,52.5,Water-Water,Erratic,69
Huntail,367,Deep Sea Pokemon,1.7,27.0,Water-Water,Erratic,170
Gorebyss,368,South Sea Pokemon,1.8,22.6,Water-Water,Erratic,170
Relicanth,369,Longevity Pokemon,1.0,23.4,Water-Rock,Slow,170
Luvdisc,370,Rendezvous Pokemon,0.6,8.7,Water-Water,Fast,116
Bagon,371,Rock Head Pokemon,0.6,42.1,Dragon-Dragon,Slow,60
Shelgon,372,Endurance Pokemon,1.1,110.5,Dragon-Dragon,Slow,147
Mega Salamence,373,Dragon Pokemon,1.8,112.6,Dragon-Flying,Slow,315
Salamence,373,Dragon Pokemon,1.5,102.6,Dragon-Flying,Slow,270
Beldum,374,Iron Ball Pokemon,0.6,95.2,Steel-Psychic,Slow,60
Metang,375,Iron Claw Pokemon,1.2,202.5,Steel-Psychic,Slow,147
Metagross,376,Iron Leg Pokemon,1.6,550.0,Steel-Psychic,Slow,270
Mega Metagross,376,Iron Leg Pokemon,2.5,942.9,Steel-Psychic,Slow,315
Regirock,377,Rock Peak Pokemon,1.7,230.0,Rock-Rock,Slow,261
Regice,378,Iceberg Pokemon,1.8,175.0,Ice-Ice,Slow,261
Registeel,379,Iron Pokemon,1.9,205.0,Steel-Steel,Slow,261
Mega Latias,380,Eon Pokemon,1.8,52.0,Dragon-Psychic,Slow,315
Latias,380,Eon Pokemon,1.4,40.0,Dragon-Psychic,Slow,270
Latios,381,Eon Pokemon,2.0,60.0,Dragon-Psychic,Slow,270
Mega Latios,381,Eon Pokemon,2.3,70.0,Dragon-Psychic,Slow,315
Primal Kyogre,382,Sea Basin Pokemon,9.8,430.0,Water-Water,Slow,347
Kyogre,382,Sea Basin Pokemon,4.5,352.0,Water-Water,Slow,302
Primal Groudon,383,Continent Pokemon,5.0,999.7,Ground-Fire,Slow,347
Groudon,383,Continent Pokemon,3.5,950.0,Ground-Ground,Slow,302
Mega Rayquaza,384,Sky High Pokemon,10.8,392.0,Dragon-Flying,Slow,351
Rayquaza,384,Sky High Pokemon,7.0,206.5,Dragon-Flying,Slow,306
Jirachi,385,Wish Pokemon,0.3,1.1,Steel-Psychic,Slow,270
Deoxys,386,DNA Pokemon,1.7,60.8,Psychic-Psychic,Slow,270
Deoxys Defense,386,DNA Pokemon,1.7,60.8,Psychic-Psychic,Slow,270
Deoxys Attack,386,DNA Pokemon,1.7,60.8,Psychic-Psychic,Slow,270
Deoxys Speed,386,DNA Pokemon,1.7,60.8,Psychic-Psychic,Slow,270
Turtwig,387,Tiny Leaf Pokemon,0.4,10.2,Grass-Grass,Medium_Slow,64
Grotle,388,Grove Pokemon,1.1,97.0,Grass-Grass,Medium_Slow,142
Torterra,389,Continent Pokemon,2.2,310.0,Grass-Ground,Medium_Slow,236
Chimchar,390,Chimp Pokemon,0.5,6.2,Fire-Fire,Medium_Slow,62
Monferno,391,Playful Pokemon,0.9,22.0,Fire-Fighting,Medium_Slow,142
Infernape,392,Flame Pokemon,1.2,55.0,Fire-Fighting,Medium_Slow,240
Piplup,393,Penguin Pokemon,0.4,5.2,Water-Water,Medium_Slow,63
Prinplup,394,Penguin Pokemon,0.8,23.0,Water-Water,Medium_Slow,142
Empoleon,395,Emperor Pokemon,1.7,84.5,Water-Steel,Medium_Slow,239
Starly,396,Starling Pokemon,0.3,2.0,Normal-Flying,Medium_Slow,49
Staravia,397,Starling Pokemon,0.6,15.5,Normal-Flying,Medium_Slow,119
Staraptor,398,Predator Pokemon,1.2,24.9,Normal-Flying,Medium_Slow,218
Bidoof,399,Plump Mouse Pokemon,0.5,20.0,Normal-Normal,Medium_Fast,50
Bibarel,400,Beaver Pokemon,1.0,31.5,Normal-Water,Medium_Fast,144
Kricketot,401,Cricket Pokemon,0.3,2.2,Bug-Bug,Medium_Slow,39
Kricketune,402,Cricket Pokemon,1.0,25.5,Bug-Bug,Medium_Slow,134
Shinx,403,Flash Pokemon,0.5,9.5,Electric-Electric,Medium_Slow,53
Luxio,404,Spark Pokemon,0.9,30.5,Electric-Electric,Medium_Slow,127
Luxray,405,Gleam Eyes Pokemon,1.4,42.0,Electric-Electric,Medium_Slow,235
Budew,406,Bud Pokemon,0.2,1.2,Grass-Poison,Medium_Slow,56
Roserade,407,Bouquet Pokemon,0.9,14.5,Grass-Poison,Medium_Slow,232
Cranidos,408,Head Butt Pokemon,0.9,31.5,Rock-Rock,Erratic,70
Rampardos,409,Head Butt Pokemon,1.6,102.5,Rock-Rock,Erratic,173
Shieldon,410,Shield Pokemon,0.5,57.0,Rock-Steel,Erratic,70
Bastiodon,411,Shield Pokemon,1.3,149.5,Rock-Steel,Erratic,173
Burmy,412,Bagworm Pokemon,0.2,3.4,Bug-Bug,Medium_Fast,45
Wormadam,413,Bagworm Pokemon,0.5,6.5,Bug-Grass,Medium_Fast,148
Mothim,414,Moth Pokemon,0.9,23.3,Bug-Flying,Medium_Fast,148
Combee,415,Tiny Bee Pokemon,0.3,5.5,Bug-Flying,Medium_Slow,49
Vespiquen,416,Beehive Pokemon,1.2,38.5,Bug-Flying,Medium_Slow,166
Pachirisu,417,EleSquirrel Pokemon,0.4,3.9,Electric-Electric,Medium_Fast,142
Buizel,418,Sea Weasel Pokemon,0.7,29.5,Water-Water,Medium_Fast,66
Floatzel,419,Sea Weasel Pokemon,1.1,33.5,Water-Water,Medium_Fast,173
Cherubi,420,Cherry Pokemon,0.4,3.3,Grass-Grass,Medium_Fast,55
Cherrim,421,Blossom Pokemon,0.5,9.3,Grass-Grass,Medium_Fast,158
Shellos,422,Sea Slug Pokemon,0.3,6.3,Water-Water,Medium_Fast,65
Gastrodon,423,Sea Slug Pokemon,0.9,29.9,Water-Ground,Medium_Fast,166
Ambipom,424,Long Tail Pokemon,1.2,20.3,Normal-Normal,Fast,169
Drifloon,425,Balloon Pokemon,0.4,1.2,Ghost-Flying,Fluctuating,70
Drifblim,426,Blimp Pokemon,1.2,15.0,Ghost-Flying,Fluctuating,174
Buneary,427,Rabbit Pokemon,0.4,5.5,Normal-Normal,Medium_Fast,70
Mega Lopunny,428,Rabbit Pokemon,1.3,28.3,Normal-Fighting,Medium_Fast,203
Lopunny,428,Rabbit Pokemon,1.2,33.3,Normal-Normal,Medium_Fast,168
Mismagius,429,Magical Pokemon,0.9,4.4,Ghost-Ghost,Fast,173
Honchkrow,430,Big Boss Pokemon,0.9,27.3,Dark-Flying,Medium_Slow,177
Glameow,431,Catty Pokemon,0.5,3.9,Normal-Normal,Fast,62
Purugly,432,Tiger Cat Pokemon,1.0,43.8,Normal-Normal,Fast,158
Chingling,433,Bell Pokemon,0.2,0.6,Psychic-Psychic,Fast,57
Stunky,434,Skunk Pokemon,0.4,19.2,Poison-Dark,Medium_Fast,66
Skuntank,435,Skunk Pokemon,1.0,38.0,Poison-Dark,Medium_Fast,168
Bronzor,436,Bronze Pokemon,0.5,60.5,Steel-Psychic,Medium_Fast,60
Bronzong,437,Bronze Bell Pokemon,1.3,187.0,Steel-Psychic,Medium_Fast,175
Bonsly,438,Bonsai Pokemon,0.5,15.0,Rock-Rock,Medium_Fast,58
Mime Jr,439,Mime Pokemon,0.6,13.0,Psychic-Fairy,Medium_Fast,62
Happiny,440,Playhouse Pokemon,0.6,24.4,Normal-Normal,Fast,110
Chatot,441,Music Note Pokemon,0.5,1.9,Normal-Flying,Medium_Slow,144
Spiritomb,442,Forbidden Pokemon,1.0,108.0,Ghost-Dark,Medium_Fast,170
Gible,443,Land Shark Pokemon,0.7,20.5,Dragon-Ground,Slow,60
Gabite,444,Cave Pokemon,1.4,56.0,Dragon-Ground,Slow,144
Garchomp,445,Mach Pokemon,1.9,95.0,Dragon-Ground,Slow,270
Mega Garchomp,445,Mach Pokemon,1.9,95.0,Dragon-Ground,Slow,315
Munchlax,446,Big Eater Pokemon,0.6,105.0,Normal-Normal,Slow,78
Riolu,447,Emanation Pokemon,0.7,20.2,Fighting-Fighting,Medium_Slow,57
Lucario,448,Aura Pokemon,1.2,54.0,Fighting-Steel,Medium_Slow,184
Mega Lucario,448,Aura Pokemon,1.3,57.5,Fighting-Steel,Medium_Slow,219
Hippopotas,449,Hippo Pokemon,0.8,49.5,Ground-Ground,Slow,66
Hippowdon,450,Heavyweight Pokemon,2.0,300.0,Ground-Ground,Slow,184
Skorupi,451,Scorpion Pokemon,0.8,12.0,Poison-Bug,Slow,66
Drapion,452,Ogre Scorpion Pokemon,1.3,61.5,Poison-Dark,Slow,175
Croagunk,453,Toxic Mouth Pokemon,0.7,23.0,Poison-Fighting,Medium_Fast,60
Toxicroak,454,Toxic Mouth Pokemon,1.3,44.4,Poison-Fighting,Medium_Fast,172
Carnivine,455,Bug Catcher Pokemon,1.4,27.0,Grass-Grass,Slow,159
Finneon,456,Wing Fish Pokemon,0.4,7.0,Water-Water,Erratic,66
Lumineon,457,Neon Pokemon,1.2,24.0,Water-Water,Erratic,161
Mantyke,458,Kite Pokemon,1.0,65.0,Water-Flying,Slow,69
Snover,459,Frost Tree Pokemon,1.0,50.5,Grass-Ice,Slow,67
Abomasnow,460,Frost Tree Pokemon,2.2,135.5,Grass-Ice,Slow,173
Mega Abomasnow,460,Frost Tree Pokemon,2.7,185.0,Grass-Ice,Slow,208
Weavile,461,Sharp Claw Pokemon,1.1,34.0,Dark-Ice,Medium_Slow,179
Magnezone,462,Magnet Area Pokemon,1.2,180.0,Electric-Steel,Medium_Fast,241
Lickilicky,463,Licking Pokemon,1.7,140.0,Normal-Normal,Medium_Fast,180
Rhyperior,464,Drill Pokemon,2.4,282.8,Ground-Rock,Slow,241
Tangrowth,465,Vine Pokemon,2.0,128.6,Grass-Grass,Medium_Fast,187
Electivire,466,Thunderbolt Pokemon,1.8,138.6,Electric-Electric,Medium_Fast,243
Magmortar,467,Blast Pokemon,1.6,68.0,Fire-Fire,Medium_Fast,243
Togekiss,468,Jubilee Pokemon,1.5,38.0,Fairy-Flying,Fast,245
Yanmega,469,Ogre Darner Pokemon,1.9,51.5,Bug-Flying,Medium_Fast,180
Leafeon,470,Verdant Pokemon,1.0,25.5,Grass-Grass,Medium_Fast,184
Glaceon,471,Fresh Snow Pokemon,0.8,25.9,Ice-Ice,Medium_Fast,184
Gliscor,472,Fang Scorpion Pokemon,2.0,42.5,Ground-Flying,Medium_Slow,179
Mamoswine,473,Twin Tusk Pokemon,2.5,291.0,Ice-Ground,Slow,239
Porygonz,474,Virtual Pokemon,0.9,34.0,Normal-Normal,Medium_Fast,241
Mega Gallade,475,Blade Pokemon,1.6,56.4,Psychic-Fighting,Slow,278
Gallade,475,Blade Pokemon,1.6,52.0,Psychic-Fighting,Slow,233
Probopass,476,Compass Pokemon,1.4,340.0,Rock-Steel,Medium_Fast,184
Dusknoir,477,Gripper Pokemon,2.2,106.6,Ghost-Ghost,Fast,236
Froslass,478,Snow Land Pokemon,1.3,26.6,Ice-Ghost,Medium_Fast,168
Rotom,479,Plasma Pokemon,0.3,0.3,Electric-Ghost,Medium_Fast,154
Uxie,480,Knowledge Pokemon,0.3,0.3,Psychic-Psychic,Slow,261
Mesprit,481,Emotion Pokemon,0.3,0.3,Psychic-Psychic,Slow,261
Azelf,482,Willpower Pokemon,0.3,0.3,Psychic-Psychic,Slow,261
Dialga,483,Temporal Pokemon,5.4,683.0,Steel-Dragon,Slow,306
Palkia,484,Spatial Pokemon,4.2,336.0,Water-Dragon,Slow,306
Heatran,485,Lava Dome Pokemon,1.7,430.0,Fire-Steel,Slow,270
Regigigas,486,Colossal Pokemon,3.7,420.0,Normal-Normal,Slow,302
Origin Giratina,487,Renegade Pokemon,4.5,750.0,Ghost-Dragon,Slow,306
Giratina,487,Renegade Pokemon,4.5,750.0,Ghost-Dragon,Slow,306
Cresselia,488,Lunar Pokemon,1.5,85.6,Psychic-Psychic,Slow,270
Phione,489,Sea Drifter Pokemon,0.4,3.1,Water-Water,Slow,216
Manaphy,490,Seafaring Pokemon,0.3,1.4,Water-Water,Slow,270
Darkrai,491,Pitch Black Pokemon,1.5,50.5,Dark-Dark,Slow,270
Shaymin Sky,492,Gratitude Pokemon,0.4,5.2,Grass-Flying,Medium_Slow,270
Shaymin,492,Gratitude Pokemon,0.2,2.1,Grass-Grass,Medium_Slow,270
Arceus,493,Alpha Pokemon,3.2,320.0,Normal-Normal,Slow,324
Victini,494,Victory Pokemon,0.4,4.0,Psychic-Fire,Slow,270
Snivy,495,Grass Snake Pokemon,0.6,8.1,Grass-Grass,Medium_Slow,62
Servine,496,Grass Snake Pokemon,0.8,16.0,Grass-Grass,Medium_Slow,145
Serperior,497,Regal Pokemon,3.3,63.0,Grass-Grass,Medium_Slow,238
Tepig,498,Fire Pig Pokemon,0.5,9.9,Fire-Fire,Medium_Slow,62
Pignite,499,Fire Pig Pokemon,1.0,55.5,Fire-Fighting,Medium_Slow,146
Emboar,500,Mega Fire Pig Pokemon,1.6,150.0,Fire-Fighting,Medium_Slow,238
Oshawott,501,Sea Otter Pokemon,0.5,5.9,Water-Water,Medium_Slow,62
Dewott,502,Discipline Pokemon,0.8,24.5,Water-Water,Medium_Slow,145
Samurott,503,Formidable Pokemon,1.5,94.6,Water-Water,Medium_Slow,238
Patrat,504,Scout Pokemon,0.5,11.6,Normal-Normal,Medium_Fast,51
Watchog,505,Lookout Pokemon,1.1,27.0,Normal-Normal,Medium_Fast,147
Lillipup,506,Puppy Pokemon,0.4,4.1,Normal-Normal,Medium_Slow,55
Herdier,507,Loyal Dog Pokemon,0.9,14.7,Normal-Normal,Medium_Slow,130
Stoutland,508,Big Hearted Pokemon,1.2,61.0,Normal-Normal,Medium_Slow,225
Purrloin,509,Devious Pokemon,0.4,10.1,Dark-Dark,Medium_Fast,56
Liepard,510,Cruel Pokemon,1.1,37.5,Dark-Dark,Medium_Fast,156
Pansage,511,Grass Monkey Pokemon,0.6,10.5,Grass-Grass,Medium_Fast,63
Simisage,512,Thorn Monkey Pokemon,1.1,30.5,Grass-Grass,Medium_Fast,174
Pansear,513,High Temp Pokemon,0.6,11.0,Fire-Fire,Medium_Fast,63
Simisear,514,Ember Pokemon,1.0,28.0,Fire-Fire,Medium_Fast,174
Panpour,515,Spray Pokemon,0.6,13.5,Water-Water,Medium_Fast,63
Simipour,516,Geyser Pokemon,1.0,29.0,Water-Water,Medium_Fast,174
Munna,517,Dream Eater Pokemon,0.6,23.3,Psychic-Psychic,Fast,58
Musharna,518,Drowsing Pokemon,1.1,60.5,Psychic-Psychic,Fast,170
Pidove,519,Tiny Pigeon Pokemon,0.3,2.1,Normal-Flying,Medium_Slow,53
Tranquill,520,Wild Pigeon Pokemon,0.6,15.0,Normal-Flying,Medium_Slow,125
Unfezant,521,Proud Pokemon,1.2,29.0,Normal-Flying,Medium_Slow,220
Blitzle,522,Electrified Pokemon,0.8,29.8,Electric-Electric,Medium_Fast,59
Zebstrika,523,Thunderbolt Pokemon,1.6,79.5,Electric-Electric,Medium_Fast,174
Roggenrola,524,Mantle Pokemon,0.4,18.0,Rock-Rock,Medium_Slow,56
Boldore,525,Ore Pokemon,0.9,102.0,Rock-Rock,Medium_Slow,137
Gigalith,526,Compressed Pokemon,1.7,260.0,Rock-Rock,Medium_Slow,232
Woobat,527,Bat Pokemon,0.4,2.1,Psychic-Flying,Medium_Fast,65
Swoobat,528,Courting Pokemon,0.9,10.5,Psychic-Flying,Medium_Fast,149
Drilbur,529,Mole Pokemon,0.3,8.5,Ground-Ground,Medium_Fast,66
Excadrill,530,Subterrene Pokemon,0.7,40.4,Ground-Steel,Medium_Fast,178
Audino,531,Hearing Pokemon,1.1,31.0,Normal-Normal,Fast,390
Mega Audino,531,Hearing Pokemon,1.5,32.0,Normal-Fairy,Fast,425
Timburr,532,Muscular Pokemon,0.6,12.5,Fighting-Fighting,Medium_Slow,61
Gurdurr,533,Muscular Pokemon,1.2,40.0,Fighting-Fighting,Medium_Slow,142
Conkeldurr,534,Muscular Pokemon,1.4,87.0,Fighting-Fighting,Medium_Slow,227
Tympole,535,Tadpole Pokemon,0.5,4.5,Water-Water,Medium_Slow,59
Palpitoad,536,Vibration Pokemon,0.8,17.0,Water-Ground,Medium_Slow,134
Seismitoad,537,Vibration Pokemon,1.5,62.0,Water-Ground,Medium_Slow,229
Throh,538,Judo Pokemon,1.3,55.5,Fighting-Fighting,Medium_Fast,163
Sawk,539,Karate Pokemon,1.4,51.0,Fighting-Fighting,Medium_Fast,163
Sewaddle,540,Sewing Pokemon,0.3,2.5,Bug-Grass,Medium_Slow,62
Swadloon,541,Leaf Wrapped Pokemon,0.5,7.3,Bug-Grass,Medium_Slow,133
Leavanny,542,Nurturing Pokemon,1.2,20.5,Bug-Grass,Medium_Slow,225
Venipede,543,Centipede Pokemon,0.4,5.3,Bug-Poison,Medium_Slow,52
Whirlipede,544,Curlipede Pokemon,1.2,58.5,Bug-Poison,Medium_Slow,126
Scolipede,545,Megapede Pokemon,2.5,200.5,Bug-Poison,Medium_Slow,218
Cottonee,546,Cotton Puff Pokemon,0.3,0.6,Grass-Fairy,Medium_Fast,56
Whimsicott,547,Windveiled Pokemon,0.7,6.6,Grass-Fairy,Medium_Fast,168
Petilil,548,Bulb Pokemon,0.5,6.6,Grass-Grass,Medium_Fast,56
Lilligant,549,Flowering Pokemon,1.1,16.3,Grass-Grass,Medium_Fast,168
Basculin,550,Hostile Pokemon,1.0,18.0,Water-Water,Medium_Fast,161
Sandile,551,Desert Croc Pokemon,0.7,15.2,Ground-Dark,Medium_Slow,58
Krokorok,552,Desert Croc Pokemon,1.0,33.4,Ground-Dark,Medium_Slow,123
Krookodile,553,Intimidation Pokemon,1.5,96.3,Ground-Dark,Medium_Slow,234
Darumaka,554,Zen Charm Pokemon,0.6,37.5,Fire-Fire,Medium_Slow,63
Galarian Darumaka,554,Zen Charm Pokemon,0.7,40.0,Ice-Ice,Medium_Slow,63
Galarian Darmanitan,555,Zen Charm Pokemon,1.7,120.0,Ice-Ice,Medium_Slow,168
Darmanitan,555,Blazing Pokemon,1.3,92.9,Fire-Fire,Medium_Slow,168
Maractus,556,Cactus Pokemon,1.0,28.0,Grass-Grass,Medium_Fast,161
Dwebble,557,Rock Inn Pokemon,0.3,14.5,Bug-Rock,Medium_Fast,65
Crustle,558,Stone Home Pokemon,1.4,200.0,Bug-Rock,Medium_Fast,170
Scraggy,559,Shedding Pokemon,0.6,11.8,Dark-Fighting,Medium_Fast,70
Scrafty,560,Hoodlum Pokemon,1.1,30.0,Dark-Fighting,Medium_Fast,171
Sigilyph,561,Avianoid Pokemon,1.4,14.0,Psychic-Flying,Medium_Fast,172
Galarian Yamask,562,Spirit Pokemon,0.5,1.5,Ground-Ghost,Medium_Fast,61
Yamask,562,Spirit Pokemon,0.5,1.5,Ghost-Ghost,Medium_Fast,61
Cofagrigus,563,Coffin Pokemon,1.7,76.5,Ghost-Ghost,Medium_Fast,169
Tirtouga,564,Prototurtle Pokemon,0.7,16.5,Water-Rock,Medium_Fast,71
Carracosta,565,Prototurtle Pokemon,1.2,81.0,Water-Rock,Medium_Fast,173
Archen,566,First Bird Pokemon,0.5,9.5,Rock-Flying,Medium_Fast,71
Archeops,567,First Bird Pokemon,1.4,32.0,Rock-Flying,Medium_Fast,177
Trubbish,568,Trash Bag Pokemon,0.6,31.0,Poison-Poison,Medium_Fast,66
Garbodor,569,Trash Heap Pokemon,1.9,107.3,Poison-Poison,Medium_Fast,166
Zorua,570,Tricky Fox Pokemon,0.7,12.5,Dark-Dark,Medium_Slow,66
Zoroark,571,Illusion Fox Pokemon,1.6,81.1,Dark-Dark,Medium_Slow,179
Minccino,572,Chinchilla Pokemon,0.4,5.8,Normal-Normal,Fast,60
Cinccino,573,Scarf Pokemon,0.5,7.5,Normal-Normal,Fast,165
Gothita,574,Fixation Pokemon,0.4,5.8,Psychic-Psychic,Medium_Slow,58
Gothorita,575,Manipulate Pokemon,0.7,18.0,Psychic-Psychic,Medium_Slow,137
Gothitelle,576,Astral Body Pokemon,1.5,44.0,Psychic-Psychic,Medium_Slow,221
Solosis,577,Cell Pokemon,0.3,1.0,Psychic-Psychic,Medium_Slow,58
Duosion,578,Mitosis Pokemon,0.6,8.0,Psychic-Psychic,Medium_Slow,130
Reuniclus,579,Multiplying Pokemon,1.0,20.1,Psychic-Psychic,Medium_Slow,221
Ducklett,580,Water Bird Pokemon,0.5,5.5,Water-Flying,Medium_Fast,61
Swanna,581,White Bird Pokemon,1.3,24.2,Water-Flying,Medium_Fast,166
Vanillite,582,Fresh Snow Pokemon,0.4,5.7,Ice-Ice,Slow,61
Vanillish,583,Icy Snow Pokemon,1.1,41.0,Ice-Ice,Slow,138
Vanilluxe,584,Snowstorm Pokemon,1.3,57.5,Ice-Ice,Slow,241
Deerling,585,Season Pokemon,0.6,19.5,Normal-Grass,Medium_Fast,67
Sawsbuck,586,Season Pokemon,1.9,92.5,Normal-Grass,Medium_Fast,166
Emolga,587,Sky Squirrel Pokemon,0.4,5.0,Electric-Flying,Medium_Fast,150
Karrablast,588,Clamping Pokemon,0.5,5.9,Bug-Bug,Medium_Fast,63
Escavalier,589,Cavalry Pokemon,1.0,33.0,Bug-Steel,Medium_Fast,173
Foongus,590,Mushroom Pokemon,0.2,1.0,Grass-Poison,Medium_Fast,59
Amoonguss,591,Mushroom Pokemon,0.6,10.5,Grass-Poison,Medium_Fast,162
Frillish,592,Floating Pokemon,1.2,33.0,Water-Ghost,Medium_Fast,67
Jellicent,593,Floating Pokemon,2.2,135.0,Water-Ghost,Medium_Fast,168
Alomomola,594,Caring Pokemon,1.2,31.6,Water-Water,Fast,165
Joltik,595,Attaching Pokemon,0.1,0.6,Bug-Electric,Medium_Fast,64
Galvantula,596,EleSpider Pokemon,0.8,14.3,Bug-Electric,Medium_Fast,165
Ferroseed,597,Thorn Seed Pokemon,0.6,18.8,Grass-Steel,Medium_Fast,61
Ferrothorn,598,Thorn Pod Pokemon,1.0,110.0,Grass-Steel,Medium_Fast,171
Klink,599,Gear Pokemon,0.3,21.0,Steel-Steel,Medium_Slow,60
Klang,600,Gear Pokemon,0.6,51.0,Steel-Steel,Medium_Slow,154
Klinklang,601,Gear Pokemon,0.6,81.0,Steel-Steel,Medium_Slow,234
Tynamo,602,EleFish Pokemon,0.2,0.3,Electric-Electric,Slow,55
Eelektrik,603,EleFish Pokemon,1.2,22.0,Electric-Electric,Slow,142
Eelektross,604,EleFish Pokemon,2.1,80.5,Electric-Electric,Slow,232
Elgyem,605,Cerebral Pokemon,0.5,9.0,Psychic-Psychic,Medium_Fast,67
Beheeyem,606,Cerebral Pokemon,1.0,34.5,Psychic-Psychic,Medium_Fast,170
Litwick,607,Candle Pokemon,0.3,3.1,Ghost-Fire,Medium_Slow,55
Lampent,608,Lamp Pokemon,0.6,13.0,Ghost-Fire,Medium_Slow,130
Chandelure,609,Luring Pokemon,1.0,34.3,Ghost-Fire,Medium_Slow,234
Axew,610,Tusk Pokemon,0.6,18.0,Dragon-Dragon,Slow,64
Fraxure,611,Axe Jaw Pokemon,1.0,36.0,Dragon-Dragon,Slow,144
Haxorus,612,Axe Jaw Pokemon,1.8,105.5,Dragon-Dragon,Slow,243
Cubchoo,613,Chill Pokemon,0.5,8.5,Ice-Ice,Medium_Fast,61
Beartic,614,Freezing Pokemon,2.6,260.0,Ice-Ice,Medium_Fast,177
Cryogonal,615,Crystallizing Pokemon,1.1,148.0,Ice-Ice,Medium_Fast,180
Shelmet,616,Snail Pokemon,0.4,7.7,Bug-Bug,Medium_Fast,61
Accelgor,617,Shell Out Pokemon,0.8,25.3,Bug-Bug,Medium_Fast,173
Galarian Stunfisk,618,Trap Pokemon,0.7,20.5,Ground-Steel,Medium_Fast,165
Stunfisk,618,Trap Pokemon,0.7,11.0,Ground-Electric,Medium_Fast,165
Mienfoo,619,Martial Arts Pokemon,0.9,20.0,Fighting-Fighting,Medium_Slow,70
Mienshao,620,Martial Arts Pokemon,1.4,35.5,Fighting-Fighting,Medium_Slow,179
Druddigon,621,Cave Pokemon,1.6,139.0,Dragon-Dragon,Medium_Fast,170
Golett,622,Automaton Pokemon,1.0,92.0,Ground-Ghost,Medium_Fast,61
Golurk,623,Automaton Pokemon,2.8,330.0,Ground-Ghost,Medium_Fast,169
Pawniard,624,Sharp Blade Pokemon,0.5,10.2,Dark-Steel,Medium_Fast,68
Bisharp,625,Sword Blade Pokemon,1.6,70.0,Dark-Steel,Medium_Fast,172
Bouffalant,626,Bash Buffalo Pokemon,1.6,94.6,Normal-Normal,Medium_Fast,172
Rufflet,627,Eaglet Pokemon,0.5,10.5,Normal-Flying,Slow,70
Braviary,628,Valiant Pokemon,1.5,41.0,Normal-Flying,Slow,179
Vullaby,629,Diapered Pokemon,0.5,9.0,Dark-Flying,Slow,74
Mandibuzz,630,Bone Vulture Pokemon,1.2,39.5,Dark-Flying,Slow,179
Heatmor,631,Anteater Pokemon,1.4,58.0,Fire-Fire,Medium_Fast,169
Durant,632,Iron Ant Pokemon,0.3,33.0,Bug-Steel,Medium_Fast,169
Deino,633,Irate Pokemon,0.8,17.3,Dark-Dragon,Slow,60
Zweilous,634,Hostile Pokemon,1.4,50.0,Dark-Dragon,Slow,147
Hydreigon,635,Brutal Pokemon,1.8,160.0,Dark-Dragon,Slow,270
Larvesta,636,Torch Pokemon,1.1,28.8,Bug-Fire,Slow,72
Volcarona,637,Sun Pokemon,1.6,46.0,Bug-Fire,Slow,248
Cobalion,638,Iron Will Pokemon,2.1,250.0,Steel-Fighting,Slow,261
Terrakion,639,Cavern Pokemon,1.9,260.0,Rock-Fighting,Slow,261
Virizion,640,Grassland Pokemon,2.0,200.0,Grass-Fighting,Slow,261
Tornadus Therian,641,Cyclone Pokemon,1.4,63.0,Flying-Flying,Slow,261
Tornadus,641,Cyclone Pokemon,1.5,63.0,Flying-Flying,Slow,261
Thundurus Therian,642,Bolt Strike Pokemon,3.0,61.0,Electric-Flying,Slow,261
Thundurus,642,Bolt Strike Pokemon,1.5,61.0,Electric-Flying,Slow,261
Reshiram,643,Vast White Pokemon,3.2,330.0,Dragon-Fire,Slow,306
Zekrom,644,Deep Black Pokemon,2.9,345.0,Dragon-Electric,Slow,306
Landorus,645,Abundance Pokemon,1.5,68.0,Ground-Flying,Slow,270
Landorus Therian,645,Abundance Pokemon,1.3,68.0,Ground-Flying,Slow,270
Black Kyurem,646,Boundary Pokemon,3.3,325.0,Dragon-Ice,Slow,315
Kyurem,646,Boundary Pokemon,3.0,325.0,Dragon-Ice,Slow,297
White Kyurem,646,Boundary Pokemon,3.6,325.0,Dragon-Ice,Slow,315
Keldeo,647,Colt Pokemon,1.4,48.5,Water-Fighting,Slow,261
Meloetta Pirouette,648,Melody Pokemon,0.6,6.5,Normal-Fighting,Slow,270
Meloetta,648,Melody Pokemon,0.6,6.5,Normal-Psychic,Slow,270
Genesect,649,Paleozoic Pokemon,1.5,82.5,Bug-Steel,Slow,270
Chespin,650,Spiny Nut Pokemon,0.4,9.0,Grass-Grass,Medium_Slow,63
Quilladin,651,Spiny Armor Pokemon,0.7,29.0,Grass-Grass,Medium_Slow,142
Chesnaught,652,Spiny Armor Pokemon,1.6,90.0,Grass-Fighting,Medium_Slow,239
Fennekin,653,Fox Pokemon,0.4,9.4,Fire-Fire,Medium_Slow,61
Braixen,654,Fox Pokemon,1.0,14.5,Fire-Fire,Medium_Slow,143
Delphox,655,Fox Pokemon,1.5,39.0,Fire-Psychic,Medium_Slow,240
Froakie,656,Bubble Frog Pokemon,0.3,7.0,Water-Water,Medium_Slow,63
Frogadier,657,Bubble Frog Pokemon,0.6,10.9,Water-Water,Medium_Slow,142
Greninja,658,Ninja Pokemon,1.5,40.0,Water-Dark,Medium_Slow,239
Ash Greninja,658,Ninja Pokemon,1.5,40.0,Water-Dark,Medium_Slow,288
Bunnelby,659,Digging Pokemon,0.4,5.0,Normal-Normal,Medium_Fast,47
Diggersby,660,Digging Pokemon,1.0,42.4,Normal-Ground,Medium_Fast,148
Fletchling,661,Tiny Robin Pokemon,0.3,1.7,Normal-Flying,Medium_Slow,56
Fletchinder,662,Ember Pokemon,0.7,16.0,Fire-Flying,Medium_Slow,134
Talonflame,663,Scorching Pokemon,1.2,24.5,Fire-Flying,Medium_Slow,175
Scatterbug,664,Scatterdust Pokemon,0.3,2.5,Bug-Bug,Medium_Fast,40
Spewpa,665,Scatterdust Pokemon,0.3,8.4,Bug-Bug,Medium_Fast,75
Vivillon,666,Scale Pokemon,1.2,17.0,Bug-Flying,Medium_Fast,185
Litleo,667,Lion Cub Pokemon,0.6,13.5,Fire-Normal,Medium_Slow,74
Pyroar,668,Royal Pokemon,1.5,81.5,Fire-Normal,Medium_Slow,177
Flabebe,669,Single Bloom Pokemon,0.1,0.1,Fairy-Fairy,Medium_Fast,61
Floette,670,Single Bloom Pokemon,0.2,0.9,Fairy-Fairy,Medium_Fast,130
Florges,671,Garden Pokemon,1.1,10.0,Fairy-Fairy,Medium_Fast,248
Skiddo,672,Mount Pokemon,0.9,31.0,Grass-Grass,Medium_Fast,70
Gogoat,673,Mount Pokemon,1.7,91.0,Grass-Grass,Medium_Fast,186
Pancham,674,Playful Pokemon,0.6,8.0,Fighting-Fighting,Medium_Fast,70
Pangoro,675,Daunting Pokemon,2.1,136.0,Fighting-Dark,Medium_Fast,173
Furfrou,676,Poodle Pokemon,1.2,28.0,Normal-Normal,Medium_Fast,165
Espurr,677,Restraint Pokemon,0.3,3.5,Psychic-Psychic,Medium_Fast,71
Meowstic,678,Constraint Pokemon,0.6,8.5,Psychic-Psychic,Medium_Fast,163
Honedge,679,Sword Pokemon,0.8,2.0,Steel-Ghost,Medium_Fast,65
Doublade,680,Sword Pokemon,0.8,4.5,Steel-Ghost,Medium_Fast,157
Aegislash,681,Royal Sword Pokemon,1.7,53.0,Steel-Ghost,Medium_Fast,234
Aegislash Blade,681,Royal Sword Pokemon,1.7,53.0,Steel-Ghost,Medium_Fast,234
Spritzee,682,Perfume Pokemon,0.2,0.5,Fairy-Fairy,Medium_Fast,68
Aromatisse,683,Fragrance Pokemon,0.8,15.5,Fairy-Fairy,Medium_Fast,162
Swirlix,684,Cotton Candy Pokemon,0.4,3.5,Fairy-Fairy,Medium_Fast,68
Slurpuff,685,Meringue Pokemon,0.8,5.0,Fairy-Fairy,Medium_Fast,168
Inkay,686,Revolving Pokemon,0.4,3.5,Dark-Psychic,Medium_Fast,58
Malamar,687,Overturning Pokemon,1.5,47.0,Dark-Psychic,Medium_Fast,169
Binacle,688,Two Handed Pokemon,0.5,31.0,Rock-Water,Medium_Fast,61
Barbaracle,689,Collective Pokemon,1.3,96.0,Rock-Water,Medium_Fast,175
Skrelp,690,Mock Kelp Pokemon,0.5,7.3,Poison-Water,Medium_Fast,64
Dragalge,691,Mock Kelp Pokemon,1.8,81.5,Poison-Dragon,Medium_Fast,173
Clauncher,692,Water Gun Pokemon,0.5,8.3,Water-Water,Slow,66
Clawitzer,693,Howitzer Pokemon,1.3,35.3,Water-Water,Slow,100
Helioptile,694,Generator Pokemon,0.5,6.0,Electric-Normal,Medium_Fast,58
Heliolisk,695,Generator Pokemon,1.0,21.0,Electric-Normal,Medium_Fast,168
Tyrunt,696,Royal Heir Pokemon,0.8,26.0,Rock-Dragon,Medium_Fast,72
Tyrantrum,697,Despot Pokemon,2.5,270.0,Rock-Dragon,Medium_Fast,182
Amaura,698,Tundra Pokemon,1.3,25.2,Rock-Ice,Medium_Fast,72
Aurorus,699,Tundra Pokemon,2.7,225.0,Rock-Ice,Medium_Fast,104
Sylveon,700,Intertwining Pokemon,1.0,23.5,Fairy-Fairy,Medium_Fast,184
Hawlucha,701,Wrestling Pokemon,0.8,21.5,Fighting-Flying,Medium_Fast,175
Dedenne,702,Antenna Pokemon,0.2,2.2,Electric-Fairy,Medium_Fast,151
Carbink,703,Jewel Pokemon,0.3,5.7,Rock-Fairy,Slow,100
Goomy,704,Soft Tissue Pokemon,0.3,2.8,Dragon-Dragon,Slow,60
Sliggoo,705,Soft Tissue Pokemon,0.8,17.5,Dragon-Dragon,Slow,158
Goodra,706,Dragon Pokemon,2.0,150.5,Dragon-Dragon,Slow,270
Klefki,707,Key Ring Pokemon,0.2,3.0,Steel-Fairy,Fast,165
Phantump,708,Stump Pokemon,0.4,7.0,Ghost-Grass,Medium_Fast,62
Trevenant,709,Elder Tree Pokemon,1.5,71.0,Ghost-Grass,Medium_Fast,166
Pumpkaboo,710,Pumpkin Pokemon,0.4,5.0,Ghost-Grass,Medium_Fast,67
Gourgeist,711,Pumpkin Pokemon,0.9,12.5,Ghost-Grass,Medium_Fast,173
Bergmite,712,Ice Chunk Pokemon,1.0,99.5,Ice-Ice,Medium_Fast,61
Avalugg,713,Iceberg Pokemon,2.0,505.0,Ice-Ice,Medium_Fast,180
Noibat,714,Sound Wave Pokemon,0.5,8.0,Flying-Dragon,Medium_Fast,49
Noivern,715,Sound Wave Pokemon,1.5,85.0,Flying-Dragon,Medium_Fast,187
Xerneas,716,Life Pokemon,3.0,215.0,Fairy-Fairy,Slow,306
Yveltal,717,Destruction Pokemon,5.8,203.0,Dark-Flying,Slow,306
Zygarde Complete,718,Order Pokemon,4.5,610.0,Dragon-Ground,Slow,319
Zygarde 10,718,Order Pokemon,1.2,33.5,Dragon-Ground,Slow,219
Zygarde,718,Order Pokemon,5.0,305.0,Dragon-Ground,Slow,270
Mega Diancie,719,Jewel Pokemon,1.1,27.8,Rock-Fairy,Slow,315
Diancie,719,Jewel Pokemon,0.7,8.8,Rock-Fairy,Slow,270
Hoopa,720,Mischief Pokemon,0.5,9.0,Psychic-Ghost,Slow,270
Hoopa Unbound,720,Djinn Pokemon Pokemon,6.5,490.0,Psychic-Dark,Slow,306
Volcanion,721,Steam Pokemon,1.7,195.0,Fire-Water,Slow,270
Rowlet,722,Grass Quill Pokemon,0.3,1.5,Grass-Flying,Medium_Slow,64
Dartrix,723,Blade Quill Pokemon,0.7,16.0,Grass-Flying,Medium_Slow,147
Decidueye,724,Arrow Quill Pokemon,1.6,36.6,Grass-Ghost,Medium_Slow,239
Litten,725,Fire Cat Pokemon,0.4,4.3,Fire-Fire,Medium_Slow,64
Torracat,726,Fire Cat Pokemon,0.7,25.0,Fire-Fire,Medium_Slow,147
Incineroar,727,Heel Pokemon,1.8,83.0,Fire-Dark,Medium_Slow,239
Popplio,728,Sea Lion Pokemon,0.4,7.5,Water-Water,Medium_Slow,64
Brionne,729,Pop Star Pokemon,0.6,17.5,Water-Water,Medium_Slow,147
Primarina,730,Soloist Pokemon,1.8,44.0,Water-Fairy,Medium_Slow,239
Pikipek,731,Woodpecker Pokemon,0.3,1.2,Normal-Flying,Medium_Fast,53
Trumbeak,732,Bugle Beak Pokemon,0.6,14.8,Normal-Flying,Medium_Fast,124
Toucannon,733,Cannon Pokemon,1.1,26.0,Normal-Flying,Medium_Fast,218
Yungoos,734,Loitering Pokemon,0.4,6.0,Normal-Normal,Medium_Fast,51
Gumshoos,735,Stakeout Pokemon,0.7,14.2,Normal-Normal,Medium_Fast,146
Grubbin,736,Larva Pokemon,0.4,4.4,Bug-Bug,Medium_Fast,60
Charjabug,737,Battery Pokemon,0.5,10.5,Bug-Electric,Medium_Fast,140
Vikavolt,738,Stag Beetle Pokemon,1.5,45.0,Bug-Electric,Medium_Fast,225
Crabrawler,739,Boxing Pokemon,0.6,7.0,Fighting-Fighting,Medium_Fast,68
Crabominable,740,Woolly Crab Pokemon,1.7,180.0,Fighting-Ice,Medium_Fast,167
Oricorio,741,Dancing Pokemon,0.6,3.4,Fire-Flying,Medium_Fast,167
Cutiefly,742,Bee Fly Pokemon,0.1,0.2,Bug-Fairy,Medium_Fast,61
Ribombee,743,Bee Fly Pokemon,0.2,0.5,Bug-Fairy,Medium_Fast,162
Rockruff,744,Puppy Pokemon,0.5,9.2,Rock-Rock,Medium_Fast,56
Lycanroc Midnight,745,Wolf Pokemon,1.1,25.0,Rock-Rock,Medium_Fast,170
Lycanroc Dusk,745,Wolf Pokemon,0.8,25.0,Rock-Rock,Medium_Fast,170
Lycanroc,745,Wolf Pokemon,0.8,25.0,Rock-Rock,Medium_Fast,170
Wishiwashi,746,Small Fry Pokemon,0.2,0.3,Water-Water,Fast,61
Wishiwashi School,746,Small Fry Pokemon,8.2,78.6,Water-Water,Fast,217
Mareanie,747,Brutal Star Pokemon,0.4,8.0,Poison-Water,Medium_Fast,61
Toxapex,748,Brutal Star Pokemon,0.7,14.5,Poison-Water,Medium_Fast,173
Mudbray,749,Donkey Pokemon,1.0,110.0,Ground-Ground,Medium_Fast,77
Mudsdale,750,Draft Horse Pokemon,2.5,920.0,Ground-Ground,Medium_Fast,175
Dewpider,751,Water Bubble Pokemon,0.3,4.0,Water-Bug,Medium_Fast,54
Araquanid,752,Water Bubble Pokemon,1.8,82.0,Water-Bug,Medium_Fast,159
Fomantis,753,Sickle Grass Pokemon,0.3,1.5,Grass-Grass,Medium_Fast,50
Lurantis,754,Bloom Sickle Pokemon,0.9,18.5,Grass-Grass,Medium_Fast,168
Morelull,755,Illuminating Pokemon,0.2,1.5,Grass-Fairy,Medium_Fast,57
Shiinotic,756,Illuminating Pokemon,1.0,11.5,Grass-Fairy,Medium_Fast,142
Salandit,757,Toxic Lizard Pokemon,0.6,4.8,Poison-Fire,Medium_Fast,64
Salazzle,758,Toxic Lizard Pokemon,1.2,22.2,Poison-Fire,Medium_Fast,168
Stufful,759,Flailing Pokemon,0.5,6.8,Normal-Fighting,Medium_Fast,68
Bewear,760,Strong Arm Pokemon,2.1,135.0,Normal-Fighting,Medium_Fast,175
Bounsweet,761,Fruit Pokemon,0.3,3.2,Grass-Grass,Medium_Slow,42
Steenee,762,Fruit Pokemon,0.7,8.2,Grass-Grass,Medium_Slow,102
Tsareena,763,Fruit Pokemon,1.2,21.4,Grass-Grass,Medium_Slow,230
Comfey,764,Posy Picker Pokemon,0.1,0.3,Fairy-Fairy,Fast,170
Oranguru,765,Sage Pokemon,1.5,76.0,Normal-Psychic,Slow,172
Passimian,766,Teamwork Pokemon,2.0,82.8,Fighting-Fighting,Slow,172
Wimpod,767,Turn Tail Pokemon,0.5,12.0,Bug-Water,Medium_Fast,46
Golisopod,768,Hard Scale Pokemon,2.0,108.0,Bug-Water,Medium_Fast,186
Sandygast,769,Sand Heap Pokemon,0.5,70.0,Ghost-Ground,Medium_Fast,64
Palossand,770,Sand Castle Pokemon,1.3,250.0,Ghost-Ground,Medium_Fast,168
Pyukumuku,771,Sea Cucumber Pokemon,0.3,1.2,Water-Water,Fast,144
Type Null,772,Synthetic Pokemon,1.9,120.5,Normal-Normal,Slow,107
Silvally,773,Synthetic Pokemon,2.3,100.5,Normal-Normal,Slow,257
Minior Core,774,Meteor Pokemon,0.3,0.3,Rock-Flying,Medium_Slow,175
Minior,774,Meteor Pokemon,0.3,40.0,Rock-Flying,Medium_Slow,154
Komala,775,Drowsing Pokemon,0.4,19.9,Normal-Normal,Slow,168
Turtonator,776,Blast Turtle Pokemon,2.0,212.0,Fire-Dragon,Medium_Fast,170
Togedemaru,777,Roly Poly Pokemon,0.3,3.3,Electric-Steel,Medium_Fast,152
Mimikyu,778,Disguise Pokemon,0.2,0.7,Ghost-Fairy,Medium_Fast,167
Bruxish,779,Gnash Teeth Pokemon,0.9,19.0,Water-Psychic,Medium_Fast,166
Drampa,780,Placid Pokemon,3.0,185.0,Normal-Dragon,Medium_Fast,170
Dhelmise,781,Sea Creeper Pokemon,3.9,210.0,Ghost-Grass,Medium_Fast,181
Jangmo O,782,Scaly Pokemon,0.6,29.7,Dragon-Dragon,Slow,60
Hakamo O,783,Scaly Pokemon,1.2,47.0,Dragon-Fighting,Slow,147
Kommo O,784,Scaly Pokemon,1.6,78.2,Dragon-Fighting,Slow,270
Tapu Koko,785,Land Spirit Pokemon,1.8,20.5,Electric-Fairy,Slow,257
Tapu Lele,786,Land Spirit Pokemon,1.2,18.6,Psychic-Fairy,Slow,257
Tapu Bulu,787,Land Spirit Pokemon,1.9,45.5,Grass-Fairy,Slow,257
Tapu Fini,788,Land Spirit Pokemon,1.3,21.2,Water-Fairy,Slow,257
Cosmog,789,Nebula Pokemon,0.2,0.1,Psychic-Psychic,Slow,40
Cosmoem,790,Protostar Pokemon,0.1,999.9,Psychic-Psychic,Slow,140
Solgaleo,791,Sunne Pokemon,3.4,230.0,Psychic-Steel,Slow,306
Lunala,792,Moone Pokemon,4.0,120.0,Psychic-Ghost,Slow,306
Nihilego,793,Parasite Pokemon,1.2,55.5,Rock-Poison,Slow,257
Buzzwole,794,Swollen Pokemon,2.4,333.6,Bug-Fighting,Slow,257
Pheromosa,795,Lissome Pokemon,1.8,25.0,Bug-Fighting,Slow,257
Xurkitree,796,Glowing Pokemon,3.8,100.0,Electric-Electric,Slow,257
Celesteela,797,Launch Pokemon,9.2,999.9,Steel-Flying,Slow,257
Kartana,798,Drawn Sword Pokemon,0.3,0.1,Grass-Steel,Slow,257
Guzzlord,799,Junkivore Pokemon,5.5,888.0,Dark-Dragon,Slow,257
Dawn Wings Necrozma,800,Prism Pokemon,4.2,350.0,Psychic-Ghost,Slow,306
Dusk Mane Necrozma,800,Prism Pokemon,3.8,460.0,Psychic-Steel,Slow,306
Necrozma,800,Prism Pokemon,2.4,230.0,Psychic-Psychic,Slow,270
Ultra Necrozma,800,Prism Pokemon,7.5,230.0,Psychic-Dragon,Slow,339
Magearna,801,Artificial Pokemon,1.0,80.5,Steel-Fairy,Slow,270
Marshadow,802,Gloomdweller Pokemon,0.7,22.2,Fighting-Ghost,Slow,270
Poipole,803,Poison Pin Pokemon,0.6,1.8,Poison-Poison,Slow,189
Naganadel,804,Poison Pin Pokemon,3.6,150.0,Poison-Dragon,Slow,243
Stakataka,805,Rampart Pokemon,5.5,820.0,Rock-Steel,Slow,257
Blacephalon,806,Fireworks Pokemon,1.8,13.0,Fire-Ghost,Slow,257
Zeraora,807,Thunderclap Pokemon,1.5,44.5,Electric-Electric,Slow,270
Meltan,808,Hex Nut Pokemon,0.2,8.0,Steel-Steel,Slow,150
Melmetal,809,Hex Nut Pokemon,2.5,800.0,Steel-Steel,Slow,300
Zacian,888,Warrior Pokemon,2.8,355.0,Fairy-Steel,Slow,360
Zamazenta,889,Warrior Pokemon,2.9,785.0,Fighting-Steel,Slow,360
Eternamax Eternatus,890,Gigantic Pokemon,20.0,,Poison-Dragon,Slow,345
Eternatus,890,Gigantic Pokemon,20.0,950.0,Poison-Dragon,Slow,345
Regieleki,894,Electron Pokemon,1.2,145.0,Electric-Electric,Slow,290
Regidrago,895,Dragon Orb Pokemon,2.1,200.0,Dragon-Dragon,Slow,290
Grookey,810,Chimp Pokemon,0.3,5.0,Grass-Grass,Medium_Slow,62
Thwackey,811,Beat Pokemon,0.7,14.0,Grass-Grass,Medium_Slow,147
Rillaboom,812,Drummer Pokemon,2.1,90.0,Grass-Grass,Medium_Slow,265
Scorbunny,813,Rabbit Pokemon,0.3,4.5,Fire-Fire,Medium_Slow,62
Raboot,814,Rabbit Pokemon,0.6,9.0,Fire-Fire,Medium_Slow,147
Cinderace,815,Striker Pokemon,1.4,33.0,Fire-Fire,Medium_Slow,265
Sobble,816,Water Lizard Pokemon,0.3,4.0,Water-Water,Medium_Slow,62
Drizzile,817,Water Lizard Pokemon,0.7,11.5,Water-Water,Medium_Slow,147
Inteleon,818,Secret Agent Pokemon,1.9,45.2,Water-Water,Medium_Slow,265
Skwovet,819,Cheeky Pokemon,0.3,2.5,Normal-Normal,Medium_Fast,55
Greedent,820,Greedy Pokemon,0.6,6.0,Normal-Normal,Medium_Fast,161
Rookidee,821,Tiny Bird Pokemon,0.2,1.8,Flying-Flying,Medium_Slow,49
Corvisquire,822,Raven Pokemon,0.8,16.0,Flying-Flying,Medium_Slow,128
Corviknight,823,Raven Pokemon,2.2,75.0,Flying-Steel,Medium_Slow,248
Blipbug,824,Larva Pokemon,0.4,8.0,Bug-Bug,Medium_Fast,36
Dottler,825,Radome Pokemon,0.4,19.5,Bug-Psychic,Medium_Fast,117
Orbeetle,826,Seven Spot Pokemon,0.4,40.8,Bug-Psychic,Medium_Fast,253
Nickit,827,Fox Pokemon,0.6,8.9,Dark-Dark,Fast,49
Thievul,828,Fox Pokemon,1.2,19.9,Dark-Dark,Fast,159
Gossifleur,829,Flowering Pokemon,0.4,2.2,Grass-Grass,Medium_Fast,50
Eldegoss,830,Cotton Bloom Pokemon,0.5,2.5,Grass-Grass,Medium_Fast,161
Wooloo,831,Sheep Pokemon,0.6,6.0,Normal-Normal,Medium_Fast,122
Dubwool,832,Sheep Pokemon,1.3,43.0,Normal-Normal,Medium_Fast,172
Chewtle,833,Snapping Pokemon,0.3,8.5,Water-Water,Medium_Fast,57
Drednaw,834,Bite Pokemon,1.0,115.5,Water-Rock,Medium_Fast,170
Yamper,835,Puppy Pokemon,0.3,13.5,Electric-Electric,Fast,54
Boltund,836,Dog Pokemon,1.0,34.0,Electric-Electric,Fast,172
Rolycoly,837,Coal Pokemon,0.3,12.0,Rock-Rock,Medium_Slow,48
Carkol,838,Coal Pokemon,1.1,78.0,Rock-Fire,Medium_Slow,144
Coalossal,839,Coal Pokemon,2.8,310.5,Rock-Fire,Medium_Slow,255
Applin,840,Apple Core Pokemon,0.2,0.5,Grass-Dragon,Erratic,52
Flapple,841,Apple Wing Pokemon,0.3,1.0,Grass-Dragon,Erratic,170
Appletun,842,Apple Nectar Pokemon,0.4,13.0,Grass-Dragon,Erratic,170
Silicobra,843,Sand Snake Pokemon,2.2,7.6,Ground-Ground,Medium_Fast,63
Sandaconda,844,Sand Snake Pokemon,3.8,65.5,Ground-Ground,Medium_Fast,179
Cramorant,845,Gulp Pokemon,0.8,18.0,Flying-Water,Medium_Fast,166
Arrokuda,846,Rush Pokemon,0.5,1.0,Water-Water,Slow,56
Barraskewda,847,Skewer Pokemon,1.3,30.0,Water-Water,Slow,172
Toxel,848,Baby Pokemon,0.4,11.0,Electric-Poison,Medium_Slow,48
Toxtricity Low Key,849,Punk Pokemon,1.6,40.0,Electric-Poison,Medium_Slow,176
Toxtricity Amped,849,Punk Pokemon,1.6,40.0,Electric-Poison,Medium_Slow,176
Sizzlipede,850,Radiator Pokemon,0.7,1.0,Fire-Bug,Medium_Fast,61
Centiskorch,851,Radiator Pokemon,3.0,120.0,Fire-Bug,Medium_Fast,184
Clobbopus,852,Tantrum Pokemon,0.6,4.0,Fighting-Fighting,Medium_Slow,62
Grapploct,853,Jujitsu Pokemon,1.6,39.0,Fighting-Fighting,Medium_Slow,168
Sinistea,854,Black Tea Pokemon,0.1,0.2,Ghost-Ghost,Medium_Fast,62
Polteageist,855,Black Tea Pokemon,0.2,0.4,Ghost-Ghost,Medium_Fast,178
Hatenna,856,Calm Pokemon,0.4,3.4,Psychic-Psychic,Slow,53
Hattrem,857,Serene Pokemon,0.6,4.8,Psychic-Psychic,Slow,130
Hatterene,858,Silent Pokemon,2.1,5.1,Psychic-Fairy,Slow,255
Impidimp,859,Wily Pokemon,0.4,5.5,Dark-Fairy,Medium_Fast,53
Morgrem,860,Devious Pokemon,0.8,12.5,Dark-Fairy,Medium_Fast,130
Grimmsnarl,861,Bulk Up Pokemon,1.5,61.0,Dark-Fairy,Medium_Fast,255
Obstagoon,862,Blocking Pokemon,1.6,46.0,Dark-Normal,Medium_Fast,260
Perrserker,863,Viking Pokemon,0.8,28.0,Steel-Steel,Medium_Fast,154
Cursola,864,Coral Pokemon,1.0,0.4,Ghost-Ghost,Fast,179
Sirfetchd,865,Wild Duck Pokemon,0.8,117.0,Fighting-Fighting,Medium_Fast,177
Mr Rime,866,Comedian Pokemon,1.5,58.2,Ice-Psychic,Medium_Fast,182
Runerigus,867,Grudge Pokemon,1.6,66.6,Ground-Ghost,Medium_Fast,169
Milcery,868,Cream Pokemon,0.2,0.3,Fairy-Fairy,Medium_Fast,54
Alcremie,869,Cream Pokemon,0.3,0.5,Fairy-Fairy,Medium_Fast,173
Falinks,870,Formation Pokemon,3.0,62.0,Fighting-Fighting,Medium_Fast,165
Pincurchin,871,Sea Urchin Pokemon,0.3,1.0,Electric-Electric,Medium_Fast,152
Snom,872,Worm Pokemon,0.3,3.8,Ice-Bug,Medium_Fast,37
Frosmoth,873,Frost Moth Pokemon,1.3,42.0,Ice-Bug,Medium_Fast,166
Stonjourner,874,Big Rock Pokemon,2.5,520.0,Rock-Rock,Slow,165
Eiscue,875,Penguin Pokemon,1.4,89.0,Ice-Ice,Slow,165
Indeedee,876,Emotion Pokemon,0.9,28.0,Psychic-Normal,Fast,166
Morpeko,877,Two Sided Pokemon,0.3,3.0,Electric-Dark,Medium_Fast,153
Cufant,878,Copperderm Pokemon,1.2,100.0,Steel-Steel,Medium_Fast,66
Copperajah,879,Copperderm Pokemon,3.0,650.0,Steel-Steel,Medium_Fast,175
Dracozolt,880,Fossil Pokemon,1.8,190.0,Electric-Dragon,Slow,177
Arctozolt,881,Fossil Pokemon,2.3,150.0,Electric-Ice,Slow,177
Dracovish,882,Fossil Pokemon,2.3,215.0,Water-Dragon,Slow,177
Arctovish,883,Fossil Pokemon,2.0,175.0,Water-Ice,Slow,177
Duraludon,884,Alloy Pokemon,1.8,40.0,Steel-Dragon,Medium_Fast,187
Dreepy,885,Lingering Pokemon,0.5,2.0,Dragon-Ghost,Slow,54
Drakloak,886,Caretaker Pokemon,1.4,11.0,Dragon-Ghost,Slow,144
Dragapult,887,Stealth Pokemon,3.0,50.0,Dragon-Ghost,Slow,300
Kubfu,891,Wushu Pokemon,0.6,12.0,Fighting-Fighting,Slow,77
Urshifu,892,Wushu Pokemon,1.9,105.0,Fighting-Dark,Slow,275
Urshifu Rapid Strike,892,Wushu Pokemon,1.9,105.0,Fighting-Water,Slow,275
Zarude,893,Rogue Monkey Pokemon,1.8,70.0,Dark-Grass,Slow,300
Glastrier,896,Wild Horse Pokemon,2.2,800.0,Ice-Ice,Slow,290
Spectrier,897,Swift Horse Pokemon,2.0,44.5,Ghost-Ghost,Slow,290
Calyrex,898,King Pokemon,1.1,7.7,Psychic-Grass,Slow,250
Shadow Rider Calyrex,898,King Pokemon,2.4,53.6,Psychic-Ghost,Slow,340
Ice Rider Calyrex,898,King Pokemon,2.4,809.1,Psychic-Ice,Slow,340
Wyrdeer,899,Big Horn Pokemon,1.8,95.1,Normal-Psychic,Slow,152